"Date","Price","Open","High","Low","Vol.","Change %"
"04/02/2026","3,468.50","3,502.10","3,514.30","3,423.40","","-1.57%"
"04/01/2026","3,523.80","3,442.10","3,531.50","3,417.50","","2.75%"
"03/31/2026","3,429.55","3,470.15","3,531.50","3,427.15","","-0.06%"
"03/30/2026","3,431.50","3,447.75","3,463.00","3,371.90","","4.77%"
"03/27/2026","3,275.20","3,272.35","3,302.00","3,228.75","","0.81%"
"03/26/2026","3,248.95","3,222.08","3,298.10","3,221.95","","0.11%"
"03/25/2026","3,245.50","3,243.55","3,262.00","3,219.15","","0.19%"
"03/24/2026","3,239.50","3,211.55","3,267.95","3,192.50","","0.37%"
"03/23/2026","3,227.50","3,179.00","3,236.35","3,166.00","","1.02%"
"03/20/2026","3,194.95","3,274.30","3,300.50","3,185.45","","-1.45%"
"03/19/2026","3,242.00","3,345.00","3,358.50","3,130.83","","-5.07%"
"03/18/2026","3,415.18","3,359.50","3,423.00","3,337.50","","1.35%"
"03/17/2026","3,369.60","3,410.00","3,426.55","3,360.20","","-0.64%"
"03/16/2026","3,391.20","3,447.20","3,450.00","3,370.50","","-0.84%"
"03/13/2026","3,420.00","3,473.00","3,495.00","3,417.55","","-2.82%"
"03/12/2026","3,519.35","3,495.50","3,542.15","3,463.00","","2.13%"
"03/11/2026","3,446.00","3,413.15","3,480.30","3,392.65","","1.56%"
"03/10/2026","3,393.00","3,351.50","3,407.00","3,301.00","","0.25%"
"03/09/2026","3,384.45","3,475.95","3,479.45","3,360.00","","-1.21%"
"03/06/2026","3,425.90","3,318.00","3,450.50","3,315.75","","4.45%"
"03/05/2026","3,279.95","3,358.50","3,365.60","3,268.80","","-1.61%"
"03/04/2026","3,333.50","3,314.35","3,418.50","3,284.50","","1.71%"
"03/03/2026","3,277.50","3,188.00","3,317.18","3,153.50","","2.60%"
"03/02/2026","3,194.45","3,228.15","3,256.00","3,184.45","","1.51%"
"02/27/2026","3,146.90","3,171.20","3,176.00","3,138.50","","-0.04%"
"02/26/2026","3,148.10","3,159.50","3,165.50","3,117.50","","-0.86%"
"02/25/2026","3,175.40","3,124.75","3,177.60","3,120.00","","2.07%"
"02/24/2026","3,110.90","3,112.45","3,120.00","3,094.00","","0.59%"
"02/23/2026","3,092.75","3,101.95","3,118.00","3,084.95","","-0.29%"
"02/20/2026","3,101.90","3,091.50","3,118.50","3,068.00","","0.98%"
"02/19/2026","3,071.85","3,080.00","3,093.50","3,037.85","","-0.41%"
"02/18/2026","3,084.50","3,045.70","3,098.00","3,040.90","","1.45%"
"02/17/2026","3,040.30","3,034.50","3,070.00","3,031.00","","-0.16%"
"02/16/2026","3,045.30","3,079.50","3,090.00","3,038.50","","-1.63%"
"02/13/2026","3,095.75","3,068.35","3,098.50","3,018.00","","-0.05%"
"02/12/2026","3,097.15","3,129.00","3,164.33","3,090.95","","-0.73%"
"02/11/2026","3,119.85","3,116.65","3,139.05","3,099.30","","0.59%"
"02/10/2026","3,101.50","3,108.75","3,116.50","3,088.70","","-0.90%"
"02/09/2026","3,129.55","3,088.15","3,132.60","3,077.65","","0.58%"
"02/06/2026","3,111.65","3,015.25","3,115.60","3,011.45","","2.52%"
"02/05/2026","3,035.10","3,030.00","3,054.00","3,024.85","","-0.56%"
"02/04/2026","3,052.15","3,109.25","3,114.00","3,051.45","","-1.71%"
"02/03/2026","3,105.15","3,106.00","3,125.00","3,078.30","","1.67%"
"02/02/2026","3,054.20","3,030.75","3,102.83","3,028.00","","-2.04%"
"01/30/2026","3,117.65","3,166.50","3,184.00","3,060.00","","-3.49%"
"01/29/2026","3,230.50","3,301.00","3,355.35","3,192.23","","-1.12%"
"01/28/2026","3,267.00","3,295.30","3,298.00","3,252.00","","1.76%"
"01/27/2026","3,210.35","3,176.90","3,214.00","3,161.95","","0.34%"
"01/26/2026","3,199.35","3,187.20","3,204.85","3,177.85","","0.76%"
"01/23/2026","3,175.35","3,147.20","3,181.00","3,130.00","","1.10%"
"01/22/2026","3,140.90","3,128.00","3,146.25","3,109.35","","0.68%"
"01/21/2026","3,119.58","3,141.95","3,143.65","3,114.00","","0.06%"
"01/20/2026","3,117.80","3,149.50","3,157.00","3,100.00","","-1.53%"
"01/19/2026","3,166.40","3,148.65","3,168.50","3,129.50","","0.82%"
"01/16/2026","3,140.70","3,140.75","3,150.55","3,115.00","","-0.93%"
"01/15/2026","3,170.25","3,162.55","3,175.00","3,138.00","","-0.51%"
"01/14/2026","3,186.50","3,200.60","3,207.00","3,175.80","","-0.12%"
"01/13/2026","3,190.40","3,164.00","3,215.00","3,156.85","","0.02%"
"01/12/2026","3,189.80","3,162.55","3,199.20","3,146.00","","1.33%"
"01/09/2026","3,147.85","3,123.55","3,161.25","3,122.38","","1.90%"
"01/08/2026","3,089.05","3,073.10","3,097.60","3,054.80","","0.08%"
"01/07/2026","3,086.55","3,120.00","3,128.30","3,074.65","","-1.51%"
"01/06/2026","3,133.85","3,114.00","3,136.45","3,097.15","","1.50%"
"01/05/2026","3,087.40","3,057.70","3,093.15","3,048.90","","2.13%"
"01/02/2026","3,023.10","2,997.60","3,023.90","2,994.70","","0.91%"
"12/31/2025","2,995.95","2,990.05","2,998.50","2,982.90","","0.29%"
"12/30/2025","2,987.15","2,977.10","2,987.60","2,956.05","","1.22%"
"12/29/2025","2,951.15","2,979.93","2,984.85","2,940.95","","-0.20%"
"12/24/2025","2,956.95","2,969.15","2,969.55","2,950.15","","0.32%"
"12/23/2025","2,947.45","2,950.50","2,968.85","2,932.55","","0.15%"
"12/22/2025","2,942.95","2,959.65","2,972.45","2,941.60","","-0.54%"
"12/19/2025","2,958.90","2,925.80","2,959.55","2,924.35","","1.47%"
"12/18/2025","2,916.10","2,897.50","2,919.40","2,891.85","","0.47%"
"12/17/2025","2,902.40","2,884.80","2,907.30","2,876.70","","0.72%"
"12/16/2025","2,881.70","2,884.20","2,887.10","2,868.00","","0.27%"
"12/15/2025","2,873.90","2,879.10","2,889.95","2,859.95","","-0.11%"
"12/12/2025","2,877.00","2,899.45","2,901.80","2,859.43","","-0.92%"
"12/11/2025","2,903.85","2,876.05","2,909.45","2,869.00","","1.12%"
"12/10/2025","2,871.80","2,866.45","2,872.20","2,850.95","","0.53%"
"12/09/2025","2,856.63","2,859.10","2,876.60","2,850.75","","-1.11%"
"12/08/2025","2,888.80","2,912.05","2,912.85","2,872.05","","-0.70%"
"12/05/2025","2,909.20","2,916.95","2,920.80","2,884.50","","0.26%"
"12/04/2025","2,901.75","2,905.70","2,912.05","2,880.65","","0.01%"
"12/03/2025","2,901.50","2,887.10","2,906.90","2,881.88","","1.36%"
"12/02/2025","2,862.45","2,895.10","2,907.45","2,861.35","","-1.04%"
"12/01/2025","2,892.55","2,878.30","2,898.75","2,868.65","","0.66%"
"11/28/2025","2,873.60","2,849.10","2,882.75","2,840.60","","1.42%"
"11/27/2025","2,833.25","2,867.20","2,867.65","2,826.10","","-1.34%"
"11/26/2025","2,871.65","2,814.35","2,872.15","2,813.60","","2.12%"
"11/25/2025","2,811.90","2,824.65","2,826.95","2,801.63","","-0.10%"
"11/24/2025","2,814.85","2,805.15","2,818.40","2,798.70","","0.33%"
"11/21/2025","2,805.70","2,791.05","2,809.10","2,775.60","","-0.25%"
"11/20/2025","2,812.70","2,811.15","2,830.80","2,803.45","","-0.02%"
"11/19/2025","2,813.25","2,803.45","2,818.10","2,785.45","","0.87%"
"11/18/2025","2,788.90","2,783.80","2,806.15","2,778.15","","-0.96%"
"11/17/2025","2,815.80","2,852.20","2,852.80","2,805.65","","-1.55%"
"11/14/2025","2,860.00","2,863.30","2,867.80","2,837.60","","-0.67%"
"11/13/2025","2,879.15","2,905.05","2,912.70","2,877.80","","-0.46%"
"11/12/2025","2,892.60","2,895.55","2,903.30","2,883.85","","0.49%"
"11/11/2025","2,878.55","2,880.95","2,884.85","2,863.65","","-0.15%"
"11/10/2025","2,882.80","2,882.65","2,896.55","2,864.65","","0.90%"
"11/07/2025","2,856.95","2,850.25","2,866.90","2,845.40","","0.45%"
"11/06/2025","2,844.15","2,877.00","2,884.10","2,833.95","","-0.67%"
"11/05/2025","2,863.20","2,850.50","2,874.80","2,845.70","","0.04%"
"11/04/2025","2,862.00","2,882.30","2,884.10","2,844.30","","-1.75%"
"11/03/2025","2,912.95","2,907.10","2,922.40","2,892.15","","0.71%"
"10/31/2025","2,892.55","2,860.70","2,894.75","2,849.20","","0.70%"
"10/30/2025","2,872.55","2,871.35","2,882.80","2,840.70","","-0.42%"
"10/29/2025","2,884.60","2,908.65","2,919.15","2,881.00","","-0.52%"
"10/28/2025","2,899.70","2,863.10","2,900.30","2,849.90","","0.82%"
"10/27/2025","2,876.15","2,887.45","2,888.60","2,865.05","","0.57%"
"10/24/2025","2,859.90","2,875.45","2,886.25","2,838.50","","-0.11%"
"10/23/2025","2,863.05","2,813.90","2,877.60","2,810.70","","1.90%"
"10/22/2025","2,809.80","2,795.40","2,822.80","2,793.58","","1.03%"
"10/21/2025","2,781.20","2,773.00","2,799.20","2,764.30","","0.27%"
"10/20/2025","2,773.75","2,772.25","2,786.23","2,762.20","","-0.03%"
"10/17/2025","2,774.55","2,779.35","2,784.35","2,743.95","","-0.88%"
"10/16/2025","2,799.20","2,763.75","2,800.50","2,754.00","","1.90%"
"10/15/2025","2,747.05","2,757.45","2,761.65","2,735.35","","0.03%"
"10/14/2025","2,746.10","2,746.35","2,756.10","2,716.85","","-0.86%"
"10/13/2025","2,769.80","2,753.45","2,773.80","2,746.35","","0.74%"
"10/10/2025","2,749.55","2,772.15","2,796.70","2,738.10","","-1.31%"
"10/09/2025","2,785.95","2,788.20","2,809.50","2,778.75","","0.97%"
"10/08/2025","2,759.05","2,749.70","2,764.55","2,741.20","","0.55%"
"10/07/2025","2,743.90","2,720.85","2,747.10","2,714.20","","0.87%"
"10/06/2025","2,720.25","2,706.95","2,731.60","2,697.10","","0.33%"
"10/03/2025","2,711.25","2,695.40","2,715.05","2,692.40","","0.81%"
"10/02/2025","2,689.35","2,699.80","2,714.90","2,679.98","","-0.29%"
"10/01/2025","2,697.25","2,691.65","2,697.40","2,681.75","","0.57%"
"09/30/2025","2,681.95","2,674.15","2,687.55","2,663.70","","0.10%"
"09/29/2025","2,679.15","2,663.80","2,688.80","2,663.35","","1.00%"
"09/26/2025","2,652.60","2,659.35","2,660.90","2,644.20","","-0.32%"
"09/25/2025","2,661.15","2,655.35","2,671.30","2,641.20","","0.19%"
"09/24/2025","2,656.00","2,643.00","2,660.75","2,627.48","","0.52%"
"09/23/2025","2,642.15","2,645.95","2,648.20","2,636.65","","-0.31%"
"09/22/2025","2,650.35","2,679.60","2,681.50","2,636.80","","-0.84%"
"09/19/2025","2,672.70","2,697.50","2,697.70","2,668.20","","-0.88%"
"09/18/2025","2,696.50","2,672.65","2,697.15","2,669.15","","0.46%"
"09/17/2025","2,684.05","2,711.20","2,713.60","2,679.70","","-1.12%"
"09/16/2025","2,714.55","2,695.50","2,720.05","2,695.00","","0.40%"
"09/15/2025","2,703.70","2,690.05","2,704.55","2,680.60","","0.14%"
"09/12/2025","2,699.90","2,687.60","2,701.05","2,682.55","","0.79%"
"09/11/2025","2,678.85","2,630.50","2,678.85","2,630.50","","1.93%"
"09/10/2025","2,628.20","2,631.65","2,632.10","2,618.90","","-0.05%"
"09/09/2025","2,629.45","2,617.55","2,630.05","2,613.60","","0.58%"
"09/08/2025","2,614.40","2,611.75","2,625.60","2,606.75","","0.32%"
"09/05/2025","2,606.15","2,601.75","2,625.50","2,598.85","","0.56%"
"09/04/2025","2,591.75","2,597.05","2,611.55","2,588.80","","-0.98%"
"09/03/2025","2,617.30","2,608.30","2,622.75","2,607.45","","-0.15%"
"09/02/2025","2,621.25","2,618.70","2,625.50","2,601.55","","0.15%"
"09/01/2025","2,617.40","2,610.80","2,618.50","2,606.30","","-0.10%"
"08/29/2025","2,620.15","2,612.40","2,623.10","2,609.75","","0.41%"
"08/28/2025","2,609.55","2,615.50","2,623.95","2,604.85","","0.16%"
"08/27/2025","2,605.40","2,637.70","2,638.80","2,597.75","","-1.24%"
"08/26/2025","2,638.20","2,617.55","2,640.85","2,602.60","","0.60%"
"08/22/2025","2,622.55","2,585.45","2,627.75","2,582.55","","1.15%"
"08/21/2025","2,592.85","2,581.55","2,592.85","2,570.00","","0.40%"
"08/20/2025","2,582.60","2,566.80","2,584.50","2,563.70","","0.68%"
"08/19/2025","2,565.10","2,576.00","2,582.55","2,561.35","","-0.80%"
"08/18/2025","2,585.75","2,596.70","2,598.35","2,580.90","","-0.69%"
"08/15/2025","2,603.60","2,620.95","2,624.65","2,593.90","","-0.79%"
"08/14/2025","2,624.25","2,612.90","2,624.80","2,607.65","","0.52%"
"08/13/2025","2,610.70","2,621.00","2,638.45","2,609.15","","-0.67%"
"08/12/2025","2,628.30","2,600.75","2,631.10","2,600.40","","1.69%"
"08/11/2025","2,584.50","2,620.85","2,623.05","2,583.40","","-1.19%"
"08/08/2025","2,615.75","2,610.55","2,623.45","2,608.15","","0.26%"
"08/07/2025","2,608.85","2,635.75","2,635.90","2,603.35","","-0.59%"
"08/06/2025","2,624.35","2,575.65","2,625.35","2,573.20","","2.20%"
"08/05/2025","2,567.75","2,570.70","2,580.15","2,561.10","","0.12%"
"08/04/2025","2,564.60","2,579.95","2,588.40","2,552.30","","-0.34%"
"08/01/2025","2,573.35","2,571.40","2,575.90","2,544.22","","0.30%"
"07/31/2025","2,565.55","2,588.80","2,591.20","2,564.40","","-1.60%"
"07/30/2025","2,607.20","2,611.15","2,621.55","2,601.20","","-0.03%"
"07/29/2025","2,608.00","2,626.55","2,627.00","2,605.20","","-1.00%"
"07/28/2025","2,634.35","2,629.25","2,644.15","2,627.05","","-0.06%"
"07/25/2025","2,635.85","2,646.70","2,662.35","2,633.70","","-0.61%"
"07/24/2025","2,652.05","2,650.05","2,667.30","2,644.95","","0.24%"
"07/23/2025","2,645.65","2,649.30","2,658.05","2,636.90","","-0.44%"
"07/22/2025","2,657.25","2,650.85","2,663.00","2,635.90","","0.47%"
"07/21/2025","2,644.95","2,638.50","2,652.30","2,637.85","","0.34%"
"07/18/2025","2,635.90","2,585.50","2,638.80","2,584.80","","1.84%"
"07/17/2025","2,588.25","2,572.85","2,588.25","2,559.75","","0.40%"
"07/16/2025","2,577.90","2,583.85","2,586.55","2,564.95","","-0.18%"
"07/15/2025","2,582.45","2,592.55","2,604.45","2,575.00","","-0.53%"
"07/14/2025","2,596.15","2,582.35","2,597.10","2,579.95","","-0.29%"
"07/11/2025","2,603.70","2,613.60","2,614.25","2,602.05","","-0.21%"
"07/10/2025","2,609.25","2,611.15","2,620.60","2,605.95","","0.16%"
"07/09/2025","2,605.20","2,573.20","2,606.45","2,572.20","","0.41%"
"07/08/2025","2,594.55","2,583.85","2,601.50","2,574.85","","0.97%"
"07/07/2025","2,569.65","2,571.60","2,580.45","2,558.75","","-1.00%"
"07/04/2025","2,595.65","2,603.05","2,610.60","2,586.15","","-0.48%"
"07/03/2025","2,608.15","2,618.40","2,623.10","2,603.65","","-0.57%"
"07/02/2025","2,623.20","2,611.60","2,627.65","2,590.45","","0.81%"
"07/01/2025","2,602.10","2,607.10","2,618.95","2,598.60","","0.02%"
"06/30/2025","2,601.65","2,596.50","2,603.55","2,591.95","","0.11%"
"06/27/2025","2,598.85","2,586.45","2,599.30","2,572.55","","0.25%"
"06/26/2025","2,592.35","2,574.65","2,594.80","2,568.50","","0.83%"
"06/25/2025","2,571.10","2,572.50","2,581.25","2,561.10","","-0.18%"
"06/24/2025","2,575.85","2,572.00","2,591.45","2,546.15","","-0.54%"
"06/23/2025","2,589.95","2,575.70","2,598.40","2,550.25","","1.31%"
"06/20/2025","2,556.50","2,527.00","2,556.50","2,515.45","","1.16%"
"06/19/2025","2,527.25","2,537.80","2,542.05","2,517.65","","-0.70%"
"06/18/2025","2,545.00","2,557.35","2,559.95","2,539.45","","-0.11%"
"06/17/2025","2,547.70","2,512.05","2,554.35","2,510.65","","1.16%"
"06/16/2025","2,518.40","2,497.65","2,519.95","2,497.50","","0.49%"
"06/13/2025","2,506.05","2,510.80","2,512.20","2,473.80","","-0.62%"
"06/12/2025","2,521.70","2,527.05","2,528.15","2,507.65","","0.15%"
"06/11/2025","2,517.95","2,518.70","2,527.50","2,502.45","","1.03%"
"06/10/2025","2,492.35","2,467.95","2,495.25","2,463.55","","0.47%"
"06/09/2025","2,480.65","2,449.85","2,481.75","2,446.65","","1.11%"
"06/06/2025","2,453.40","2,475.40","2,476.90","2,438.35","","-1.04%"
"06/05/2025","2,479.20","2,478.55","2,490.40","2,471.75","","-0.42%"
"06/04/2025","2,489.60","2,479.50","2,494.90","2,472.85","","0.69%"
"06/03/2025","2,472.60","2,440.45","2,473.35","2,432.55","","-0.08%"
"06/02/2025","2,474.55","2,432.60","2,475.95","2,425.60","","1.15%"
"05/30/2025","2,446.40","2,447.85","2,455.60","2,437.20","","-0.16%"
"05/29/2025","2,450.35","2,477.00","2,489.90","2,448.45","","-0.82%"
"05/28/2025","2,470.55","2,475.85","2,496.15","2,462.45","","-0.52%"
"05/27/2025","2,483.45","2,452.80","2,489.45","2,445.00","","0.45%"
"05/23/2025","2,472.40","2,464.20","2,474.23","2,442.45","","0.50%"
"05/22/2025","2,460.20","2,482.95","2,486.55","2,448.25","","-0.69%"
"05/21/2025","2,477.25","2,493.75","2,498.25","2,465.45","","-0.23%"
"05/20/2025","2,482.95","2,438.35","2,484.25","2,430.60","","1.80%"
"05/19/2025","2,439.15","2,470.40","2,477.90","2,438.45","","-1.64%"
"05/16/2025","2,479.90","2,480.00","2,495.15","2,463.30","","-0.83%"
"05/15/2025","2,500.60","2,516.15","2,516.15","2,483.30","","-0.90%"
"05/14/2025","2,523.20","2,512.35","2,543.85","2,512.10","","1.29%"
"05/13/2025","2,490.95","2,479.65","2,493.30","2,468.15","","0.81%"
"05/12/2025","2,470.90","2,445.25","2,494.35","2,445.25","","2.06%"
"05/09/2025","2,421.10","2,410.80","2,438.05","2,401.55","","0.51%"
"05/08/2025","2,408.75","2,382.05","2,415.50","2,376.30","","1.21%"
"05/07/2025","2,380.05","2,397.30","2,402.95","2,377.00","","-1.83%"
"05/06/2025","2,424.45","2,442.75","2,444.25","2,416.15","","-0.65%"
"05/02/2025","2,440.40","2,435.55","2,449.90","2,422.85","","1.17%"
"05/01/2025","2,412.10","2,399.55","2,423.45","2,398.95","","0.61%"
"04/30/2025","2,397.50","2,458.50","2,459.15","2,395.35","","-2.85%"
"04/29/2025","2,467.85","2,435.50","2,470.05","2,435.15","","1.34%"
"04/28/2025","2,435.30","2,433.80","2,443.05","2,425.75","","-0.09%"
"04/25/2025","2,437.40","2,463.65","2,469.35","2,428.30","","-0.91%"
"04/24/2025","2,459.90","2,450.25","2,460.85","2,430.40","","0.84%"
"04/23/2025","2,439.40","2,415.15","2,452.05","2,406.85","","1.87%"
"04/22/2025","2,394.55","2,383.60","2,401.60","2,374.20","","0.48%"
"04/17/2025","2,383.15","2,392.30","2,392.65","2,366.10","","-0.23%"
"04/16/2025","2,388.60","2,358.05","2,389.05","2,354.65","","0.66%"
"04/15/2025","2,372.90","2,379.50","2,393.80","2,371.00","","-0.55%"
"04/14/2025","2,386.05","2,413.45","2,413.90","2,373.80","","-0.66%"
"04/11/2025","2,401.85","2,372.15","2,416.30","2,371.75","","1.39%"
"04/10/2025","2,369.00","2,401.05","2,404.45","2,353.78","","1.13%"
"04/09/2025","2,342.57","2,327.95","2,364.17","2,302.50","","0.13%"
"04/08/2025","2,339.60","2,380.25","2,407.35","2,339.35","","-1.68%"
"04/07/2025","2,379.55","2,388.65","2,426.45","2,346.95","","0.06%"
"04/04/2025","2,378.05","2,437.70","2,438.05","2,372.50","","-3.18%"
"04/03/2025","2,456.05","2,453.15","2,484.35","2,445.05","","-1.38%"
"04/02/2025","2,490.35","2,498.65","2,506.80","2,486.15","","-0.56%"
"04/01/2025","2,504.45","2,538.80","2,544.80","2,503.40","","-1.27%"
"03/31/2025","2,536.75","2,543.25","2,548.90","2,526.40","","-0.55%"
"03/28/2025","2,550.85","2,559.05","2,572.15","2,546.65","","-0.43%"
"03/27/2025","2,561.85","2,614.35","2,614.35","2,555.40","","-1.71%"
"03/26/2025","2,606.50","2,613.55","2,619.05","2,604.35","","-0.04%"
"03/25/2025","2,607.60","2,619.35","2,629.30","2,605.15","","-0.25%"
"03/24/2025","2,614.25","2,636.05","2,644.00","2,606.45","","-0.46%"
"03/21/2025","2,626.20","2,645.75","2,649.95","2,622.20","","-1.14%"
"03/20/2025","2,656.55","2,676.50","2,692.95","2,655.20","","-0.47%"
"03/19/2025","2,669.20","2,658.45","2,679.10","2,655.40","","0.53%"
"03/18/2025","2,655.20","2,669.00","2,678.15","2,650.70","","-1.31%"
"03/17/2025","2,690.50","2,687.90","2,704.93","2,679.15","","0.32%"
"03/14/2025","2,682.00","2,700.00","2,705.93","2,677.50","","-0.77%"
"03/13/2025","2,702.90","2,691.05","2,704.90","2,667.00","","0.14%"
"03/12/2025","2,699.00","2,712.35","2,724.75","2,692.25","","-0.22%"
"03/11/2025","2,705.00","2,693.60","2,711.30","2,693.00","","0.56%"
"03/10/2025","2,690.00","2,694.45","2,705.35","2,687.70","","-0.22%"
"03/07/2025","2,696.05","2,690.75","2,714.65","2,680.70","","-0.35%"
"03/06/2025","2,705.55","2,688.10","2,705.60","2,677.05","","1.51%"
"03/05/2025","2,665.40","2,638.15","2,669.65","2,630.05","","1.80%"
"03/04/2025","2,618.25","2,606.95","2,627.65","2,599.25","","0.03%"
"03/03/2025","2,617.45","2,606.70","2,631.20","2,604.53","","0.36%"
"02/28/2025","2,608.05","2,624.50","2,627.50","2,605.20","","-1.06%"
"02/27/2025","2,636.00","2,638.48","2,654.05","2,629.70","","0.14%"
"02/26/2025","2,632.30","2,647.35","2,666.50","2,622.55","","-0.28%"
"02/25/2025","2,639.75","2,636.40","2,670.95","2,631.30","","-0.62%"
"02/24/2025","2,656.30","2,660.25","2,668.30","2,648.95","","-0.70%"
"02/21/2025","2,675.10","2,723.85","2,724.85","2,672.60","","-1.97%"
"02/20/2025","2,728.80","2,711.20","2,728.80","2,701.10","","1.67%"
"02/19/2025","2,683.90","2,666.55","2,703.65","2,664.90","","0.50%"
"02/18/2025","2,670.45","2,638.35","2,675.15","2,628.15","","0.77%"
"02/17/2025","2,650.15","2,642.90","2,653.75","2,618.45","","0.42%"
"02/14/2025","2,638.95","2,627.80","2,651.75","2,624.70","","1.08%"
"02/13/2025","2,610.65","2,626.45","2,628.20","2,587.15","","-0.71%"
"02/12/2025","2,629.30","2,629.35","2,639.00","2,611.10","","-0.37%"
"02/11/2025","2,639.05","2,660.55","2,662.25","2,635.15","","-1.03%"
"02/10/2025","2,666.60","2,634.65","2,667.15","2,631.25","","1.09%"
"02/07/2025","2,637.75","2,646.35","2,649.35","2,630.40","","0.57%"
"02/06/2025","2,622.90","2,631.70","2,642.75","2,612.00","","-0.10%"
"02/05/2025","2,625.65","2,632.35","2,632.35","2,594.65","","-0.25%"
"02/04/2025","2,632.25","2,625.90","2,646.85","2,613.78","","0.23%"
"02/03/2025","2,626.20","2,576.30","2,635.50","2,572.30","","1.19%"
"01/31/2025","2,595.30","2,606.35","2,614.85","2,593.20","","-0.85%"
"01/30/2025","2,617.45","2,633.95","2,635.70","2,615.55","","-0.17%"
"01/29/2025","2,621.95","2,575.30","2,637.55","2,567.57","","1.76%"
"01/28/2025","2,576.55","2,594.00","2,594.00","2,573.40","","-1.36%"
"01/27/2025","2,612.00","2,632.00","2,640.50","2,593.50","","-0.95%"
"01/24/2025","2,637.00","2,627.50","2,662.50","2,625.00","","0.23%"
"01/23/2025","2,631.00","2,632.00","2,634.00","2,608.00","","-0.15%"
"01/22/2025","2,635.00","2,649.00","2,654.00","2,611.50","","-0.64%"
"01/21/2025","2,652.00","2,685.00","2,695.00","2,634.50","","-1.45%"
"01/20/2025","2,691.00","2,675.00","2,709.00","2,671.00","","0.34%"
"01/17/2025","2,682.00","2,631.50","2,694.50","2,631.50","","1.78%"
"01/16/2025","2,635.00","2,606.50","2,646.50","2,594.00","","1.29%"
"01/15/2025","2,601.50","2,578.00","2,578.00","2,577.00","","1.62%"
"01/14/2025","2,560.00","2,574.00","2,572.00","2,572.00","67.88K","-0.72%"
"01/13/2025","2,578.50","2,589.00","2,588.00","2,587.00","48.09K","0.27%"
"01/10/2025","2,571.50","2,580.00","2,575.00","2,577.00","72.19K","1.28%"
"01/09/2025","2,539.00","2,535.00","2,532.00","2,533.00","55.97K","1.62%"
"01/08/2025","2,498.50","2,503.00","2,501.00","2,501.50","56.68K","-0.75%"
"01/07/2025","2,517.50","2,515.00","2,512.50","2,512.50","61.47K","1.10%"
"01/06/2025","2,490.00","2,512.00","2,511.00","2,511.00","60.37K","-0.14%"
"01/03/2025","2,493.50","2,506.00","2,504.50","2,505.00","56.38K","-1.40%"
"01/02/2025","2,529.00","2,562.00","2,559.00","2,561.00","46.19K","-0.88%"
"12/31/2024","2,551.50","2,540.00","2,540.00","2,540.00","22.96K","0.02%"
"12/30/2024","2,551.00","2,555.00","2,551.00","2,551.00","25.60K","-0.27%"
"12/27/2024","2,558.00","2,544.00","2,544.00","2,544.00","37.19K","-0.27%"
"12/24/2024","2,565.00","2,573.00","2,570.00","2,570.50","40.85K","1.50%"
"12/23/2024","2,527.00","2,544.00","2,542.50","2,543.00","32.74K","-0.30%"
"12/20/2024","2,534.50","2,525.00","2,524.50","2,524.50","39.83K","1.10%"
"12/19/2024","2,507.00","2,515.00","2,511.50","2,512.00","78.89K","-0.85%"
"12/18/2024","2,528.50","2,535.00","2,529.00","2,526.50","42.34K","-0.55%"
"12/17/2024","2,542.50","2,537.00","2,533.00","2,533.50","53.78K","-0.94%"
"12/16/2024","2,566.50","2,588.00","2,582.00","2,584.00","58.79K","-1.48%"
"12/13/2024","2,605.00","2,610.00","2,607.00","2,606.50","41.98K","0.21%"
"12/12/2024","2,599.50","2,608.00","2,604.00","2,604.50","44.58K","-0.06%"
"12/11/2024","2,601.00","2,600.00","2,594.00","2,595.00","39.37K","-0.29%"
"12/10/2024","2,608.50","2,598.00","2,590.00","2,585.00","53.43K","0.79%"
"12/09/2024","2,588.00","2,592.00","2,596.00","2,592.00","55.70K","-0.60%"
"12/06/2024","2,603.50","2,605.00","2,598.00","2,592.00","55.65K","-1.35%"
"12/05/2024","2,639.00","2,644.00","2,643.50","2,644.00","39.06K","-0.28%"
"12/04/2024","2,646.50","2,616.00","2,615.00","2,615.00","47.36K","1.42%"
"12/03/2024","2,609.50","2,602.00","2,602.00","2,601.00","53.10K","0.75%"
"12/02/2024","2,590.00","2,590.00","2,587.00","2,587.00","43.19K","-0.15%"
"11/29/2024","2,594.00","2,593.00","2,585.50","2,586.00","39.59K","-0.19%"
"11/28/2024","2,599.00","2,585.00","2,583.00","2,581.50","32.87K","0.13%"
"11/27/2024","2,595.50","2,609.00","2,606.00","2,605.00","39.60K","-0.65%"
"11/26/2024","2,612.50","2,625.00","2,625.00","2,621.00","51.59K","-1.49%"
"11/25/2024","2,652.00","2,652.00","2,645.00","2,643.50","53.77K","1.07%"
"11/22/2024","2,624.00","2,617.00","2,614.00","2,615.00","37.65K","-0.29%"
"11/21/2024","2,631.50","2,628.00","2,625.00","2,625.50","38.11K","-0.47%"
"11/20/2024","2,644.00","2,677.00","2,673.00","2,672.00","62.20K","-0.02%"
"11/19/2024","2,644.50","2,617.00","2,612.00","2,608.00","68.64K","1.42%"
"11/18/2024","2,607.50","2,590.00","2,587.50","2,588.00","88.36K","-1.59%"
"11/15/2024","2,649.50","2,672.00","2,670.00","2,672.00","148.97K","5.29%"
"11/14/2024","2,516.50","2,530.00","2,525.00","2,526.00","74.26K","-0.55%"
"11/13/2024","2,530.50","2,550.00","2,549.00","2,548.50","55.40K","-1.27%"
"11/12/2024","2,563.00","2,563.00","2,564.00","2,563.00","54.53K","-0.91%"
"11/11/2024","2,586.50","2,600.00","2,596.00","2,598.00","44.24K","-1.30%"
"11/08/2024","2,620.50","2,644.00","2,635.00","2,635.00","75.33K","-2.75%"
"11/07/2024","2,694.50","2,694.00","2,681.50","2,681.50","95.66K","3.02%"
"11/06/2024","2,615.50","2,593.00","2,587.00","2,589.00","72.82K","-1.67%"
"11/05/2024","2,660.00","2,644.00","2,639.00","2,639.00","52.91K","1.53%"
"11/04/2024","2,620.00","2,610.00","2,608.50","2,609.00","38.58K","0.77%"
"11/01/2024","2,600.00","2,648.00","2,645.00","2,642.50","57.46K","-0.67%"
"10/31/2024","2,617.50","2,643.00","2,642.00","2,643.00","53.46K","0.06%"
"10/30/2024","2,616.00","2,655.00","2,654.00","2,654.00","52.98K","-1.62%"
"10/29/2024","2,659.00","2,660.00","2,655.00","2,652.00","47.58K","0.51%"
"10/28/2024","2,645.50","2,649.00","2,646.50","2,646.00","42.12K","-1.20%"
"10/25/2024","2,677.50","2,635.00","2,630.00","2,630.50","66.52K","1.04%"
"10/24/2024","2,650.00","2,680.00","2,676.50","2,677.00","66.50K","-0.73%"
"10/23/2024","2,669.50","2,653.00","2,648.00","2,647.00","60.37K","1.37%"
"10/22/2024","2,633.50","2,637.00","2,635.00","2,632.50","48.42K","1.46%"
"10/21/2024","2,595.50","2,627.00","2,619.00","2,617.00","53.97K","-0.63%"
"10/18/2024","2,612.00","2,592.00","2,587.00","2,588.00","49.62K","2.29%"
"10/17/2024","2,553.50","2,570.00","2,564.00","2,564.00","45.80K","-1.18%"
"10/16/2024","2,584.00","2,595.00","2,590.00","2,592.00","55.30K","0.53%"
"10/15/2024","2,570.50","2,565.00","2,558.00","2,558.50","74.84K","-0.91%"
"10/14/2024","2,594.00","2,605.00","2,603.00","2,601.50","61.51K","-1.46%"
"10/11/2024","2,632.50","2,665.00","2,653.00","2,653.50","77.80K","1.80%"
"10/10/2024","2,586.00","2,560.00","2,558.00","2,558.00","55.12K","1.77%"
"10/09/2024","2,541.00","2,546.00","2,540.50","2,540.50","61.00K","-1.17%"
"10/08/2024","2,571.00","2,590.00","2,585.00","2,585.50","71.70K","-3.27%"
"10/07/2024","2,658.00","2,662.00","2,655.00","2,655.50","29.77K","0.19%"
"10/04/2024","2,653.00","2,670.00","2,665.00","2,665.50","43.89K","0.91%"
"10/03/2024","2,629.00","2,645.00","2,643.00","2,643.50","47.61K","-1.85%"
"10/02/2024","2,678.50","2,642.00","2,635.00","2,635.00","47.63K","1.15%"
"10/01/2024","2,648.00","2,638.00","2,633.00","2,630.50","49.23K","1.40%"
"09/30/2024","2,611.50","2,624.00","2,618.00","2,617.50","66.29K","-1.32%"
"09/27/2024","2,646.50","2,630.00","2,625.00","2,624.00","78.63K","1.34%"
"09/26/2024","2,611.50","2,581.00","2,577.00","2,576.00","84.00K","2.88%"
"09/25/2024","2,538.50","2,535.00","2,528.00","2,528.00","68.02K","-0.68%"
"09/24/2024","2,556.00","2,562.00","2,558.00","2,559.00","77.16K","2.47%"
"09/23/2024","2,494.50","2,480.00","2,472.00","2,472.00","57.41K","0.38%"
"09/20/2024","2,485.00","2,509.00","2,505.00","2,504.50","61.34K","-2.15%"
"09/19/2024","2,539.50","2,540.00","2,536.00","2,536.00","63.33K","0.12%"
"09/18/2024","2,536.50","2,532.00","2,527.50","2,528.00","97.28K","0.50%"
"09/17/2024","2,524.00","2,525.00","2,519.00","2,521.00","60.79K","-0.18%"
"09/16/2024","2,528.50","2,525.00","2,518.00","2,518.50","78.20K","2.33%"
"09/13/2024","2,471.00","2,423.00","2,421.00","2,421.00","44.24K","2.30%"
"09/12/2024","2,415.50","2,415.00","2,409.50","2,409.50","50.57K","1.90%"
"09/11/2024","2,370.50","2,367.00","2,364.00","2,364.50","46.36K","1.46%"
"09/10/2024","2,336.50","2,349.00","2,343.00","2,344.00","56.05K","-0.60%"
"09/09/2024","2,350.50","2,335.00","2,333.00","2,333.50","55.46K","0.36%"
"09/06/2024","2,342.00","2,390.00","2,388.00","2,388.50","64.21K","-1.53%"
"09/05/2024","2,378.50","2,381.00","2,381.00","2,381.00","53.05K","-0.75%"
"09/04/2024","2,396.50","2,388.00","2,386.00","2,388.00","50.09K","-0.46%"
"09/03/2024","2,407.50","2,407.00","2,404.50","2,405.00","51.83K","-0.68%"
"09/02/2024","2,424.00","2,421.00","2,415.00","2,415.50","37.38K","-0.94%"
"08/30/2024","2,447.00","2,485.00","2,485.00","2,485.00","59.52K","-0.43%"
"08/29/2024","2,457.50","2,470.00","2,466.00","2,465.50","46.36K","-1.54%"
"08/28/2024","2,496.00","2,503.00","2,501.00","2,501.00","52.39K","-2.10%"
"08/27/2024","2,549.50","2,537.00","2,535.00","2,537.00","76.72K","0.30%"
"08/23/2024","2,542.00","2,510.00","2,509.00","2,509.00","62.44K","2.50%"
"08/22/2024","2,480.00","2,497.00","2,492.00","2,492.50","74.95K","-0.28%"
"08/21/2024","2,487.00","2,480.00","2,478.00","2,477.50","72.35K","-0.60%"
"08/20/2024","2,502.00","2,470.00","2,466.00","2,466.50","140.51K","2.31%"
"08/19/2024","2,445.50","2,415.00","2,412.00","2,411.00","75.97K","3.38%"
"08/16/2024","2,365.50","2,345.00","2,342.00","2,342.50","40.22K","0.08%"
"08/15/2024","2,363.50","2,355.00","2,350.00","2,349.00","45.60K","1.20%"
"08/14/2024","2,335.50","2,349.00","2,347.00","2,349.00","55.58K","0.15%"
"08/13/2024","2,332.00","2,312.00","2,308.00","2,309.00","45.43K","1.15%"
"08/12/2024","2,305.50","2,320.00","2,320.00","2,320.00","38.92K","0.17%"
"08/09/2024","2,301.50","2,320.00","2,318.50","2,318.50","45.69K","1.21%"
"08/08/2024","2,274.00","2,265.00","2,258.00","2,260.00","41.73K","-0.61%"
"08/07/2024","2,288.00","2,266.00","2,262.00","2,263.00","62.38K","-0.35%"
"08/06/2024","2,296.00","2,275.00","2,268.00","2,268.00","55.40K","2.04%"
"08/05/2024","2,250.00","2,230.00","2,226.00","2,226.50","80.30K","-0.60%"
"08/02/2024","2,263.50","2,280.00","2,272.00","2,272.50","59.20K","-1.42%"
"08/01/2024","2,296.00","2,292.00","2,287.00","2,286.00","59.49K","0.24%"
"07/31/2024","2,290.50","2,297.00","2,295.00","2,297.00","90.81K","2.97%"
"07/30/2024","2,224.50","2,227.00","2,225.00","2,225.00","83.02K","-1.16%"
"07/29/2024","2,250.50","2,265.00","2,262.50","2,263.00","67.02K","-1.68%"
"07/26/2024","2,289.00","2,285.00","2,288.00","2,285.00","63.54K","0.81%"
"07/25/2024","2,270.50","2,280.00","2,277.00","2,276.00","100.59K","-1.30%"
"07/24/2024","2,300.50","2,319.00","2,312.50","2,312.50","64.30K","0.24%"
"07/23/2024","2,295.00","2,318.00","2,315.00","2,316.00","71.79K","-0.20%"
"07/22/2024","2,299.50","2,318.00","2,316.00","2,316.50","86.29K","-2.21%"
"07/19/2024","2,351.50","2,374.00","2,369.00","2,368.00","59.35K","-1.40%"
"07/18/2024","2,385.00","2,398.00","2,396.00","2,394.00","58.79K","-0.71%"
"07/17/2024","2,402.00","2,420.00","2,418.00","2,418.50","59.10K","-0.17%"
"07/16/2024","2,406.00","2,440.00","2,436.00","2,436.50","119.86K","-2.25%"
"07/15/2024","2,461.50","2,462.00","2,467.00","2,462.00","52.91K","-0.79%"
"07/12/2024","2,481.00","2,485.00","2,483.00","2,484.00","45.77K","0.18%"
"07/11/2024","2,476.50","2,494.00","2,490.00","2,490.50","50.45K","-0.28%"
"07/10/2024","2,483.50","2,490.00","2,489.00","2,489.00","52.07K","-0.52%"
"07/09/2024","2,496.50","2,527.00","2,525.00","2,525.00","41.61K","-1.38%"
"07/08/2024","2,531.50","2,537.00","2,532.00","2,532.00","36.17K","-0.16%"
"07/05/2024","2,535.50","2,546.00","2,544.50","2,545.00","37.31K","0.52%"
"07/04/2024","2,522.50","2,540.00","2,540.00","2,540.00","23.64K","-1.00%"
"07/03/2024","2,548.00","2,540.00","2,536.00","2,536.50","42.12K","1.01%"
"07/02/2024","2,522.50","2,532.00","2,530.00","2,531.00","34.17K","0.28%"
"07/01/2024","2,515.50","2,535.00","2,533.00","2,532.50","34.97K","-0.36%"
"06/28/2024","2,524.50","2,533.00","2,530.00","2,525.50","45.09K","1.28%"
"06/27/2024","2,492.50","2,502.00","2,502.00","2,502.00","32.62K","-0.78%"
"06/26/2024","2,512.00","2,498.00","2,492.00","2,494.00","45.90K","0.64%"
"06/25/2024","2,496.00","2,500.00","2,498.00","2,499.00","32.13K","-0.28%"
"06/24/2024","2,503.00","2,507.00","2,506.00","2,505.00","36.52K","-0.42%"
"06/21/2024","2,513.50","2,508.00","2,503.00","2,503.50","41.72K","-0.32%"
"06/20/2024","2,521.50","2,512.00","2,508.00","2,508.00","42.68K","0.90%"
"06/19/2024","2,499.00","2,509.00","2,505.00","2,503.00","34.43K","0.50%"
"06/18/2024","2,486.50","2,481.00","2,481.00","2,481.00","78.05K","-0.60%"
"06/17/2024","2,501.50","2,497.00","2,495.00","2,485.00","56.95K","-0.64%"
"06/14/2024","2,517.50","2,532.00","2,529.00","2,530.00","44.32K","-1.54%"
"06/13/2024","2,557.00","2,565.00","2,557.00","2,557.50","55.28K","-0.72%"
"06/12/2024","2,575.50","2,532.00","2,531.00","2,529.00","58.67K","1.66%"
"06/11/2024","2,533.50","2,538.00","2,533.00","2,533.00","64.62K","-1.50%"
"06/10/2024","2,572.00","2,575.00","2,574.00","2,575.00","54.17K","-0.23%"
"06/07/2024","2,578.00","2,632.00","2,628.00","2,629.00","62.23K","-2.63%"
"06/06/2024","2,647.50","2,645.00","2,643.50","2,644.00","45.41K","0.97%"
"06/05/2024","2,622.00","2,625.00","2,625.00","2,624.00","60.69K","-1.56%"
"06/04/2024","2,663.50","2,645.00","2,642.00","2,642.00","69.63K","0.08%"
"06/03/2024","2,661.50","2,672.00","2,668.00","2,670.00","50.28K","0.34%"
"05/31/2024","2,652.50","2,717.00","2,711.50","2,712.00","72.91K","-1.89%"
"05/30/2024","2,703.50","2,712.00","2,712.00","2,710.00","88.15K","-2.31%"
"05/29/2024","2,767.50","2,741.00","2,740.00","2,741.00","74.36K","1.39%"
"05/28/2024","2,729.50","2,705.00","2,703.50","2,704.00","57.68K","2.54%"
"05/24/2024","2,662.00","2,650.00","2,649.00","2,650.00","51.71K","1.54%"
"05/23/2024","2,621.50","2,610.00","2,602.00","2,602.50","63.01K","-0.57%"
"05/22/2024","2,636.50","2,677.00","2,675.00","2,673.00","90.17K","-3.27%"
"05/21/2024","2,725.50","2,704.00","2,703.50","2,704.00","148.05K","3.63%"
"05/20/2024","2,630.00","2,625.00","2,622.00","2,622.50","59.79K","0.69%"
"05/17/2024","2,612.00","2,600.00","2,597.50","2,598.00","49.42K","0.99%"
"05/16/2024","2,586.50","2,596.00","2,594.00","2,594.00","79.57K","-0.46%"
"05/15/2024","2,598.50","2,579.00","2,577.00","2,577.00","90.12K","1.86%"
"05/14/2024","2,551.00","2,538.00","2,536.00","2,538.00","68.97K","0.35%"
"05/13/2024","2,542.00","2,550.00","2,549.50","2,550.00","74.04K","0.49%"
"05/10/2024","2,529.50","2,557.00","2,552.00","2,554.00","73.57K","-1.25%"
"05/09/2024","2,561.50","2,542.00","2,540.50","2,540.00","34.79K","0.49%"
"05/08/2024","2,549.00","2,532.00","2,529.50","2,529.00","56.15K","-0.80%"
"05/07/2024","2,569.50","2,560.00","2,557.50","2,557.00","64.06K","0.71%"
"05/03/2024","2,551.50","2,550.00","2,546.00","2,545.50","59.79K","0.93%"
"05/02/2024","2,528.00","2,553.50","2,560.00","2,553.50","74.22K","-1.92%"
"05/01/2024","2,577.50","2,572.00","2,568.00","2,569.00","41.49K","-0.54%"
"04/30/2024","2,591.50","2,576.50","2,576.50","2,576.50","63.05K","0.06%"
"04/29/2024","2,590.00","2,570.00","2,567.00","2,568.00","56.40K","0.80%"
"04/26/2024","2,569.50","2,590.00","2,586.50","2,586.50","52.04K","0.23%"
"04/25/2024","2,563.50","2,610.00","2,610.00","2,610.00","67.89K","-1.52%"
"04/24/2024","2,603.00","2,600.00","2,599.00","2,597.00","73.42K","0.93%"
"04/23/2024","2,579.00","2,589.00","2,590.00","2,585.50","112.14K","-3.43%"
"04/22/2024","2,670.50","2,667.00","2,660.00","2,660.50","78.63K","0.06%"
"04/19/2024","2,669.00","2,656.00","2,654.50","2,655.00","115.94K","2.08%"
"04/18/2024","2,614.50","2,595.00","2,591.50","2,591.50","90.81K","1.06%"
"04/17/2024","2,587.00","2,570.00","2,568.00","2,565.00","105.91K","1.00%"
"04/16/2024","2,561.50","2,540.00","2,536.00","2,535.00","85.90K","0.25%"
"04/15/2024","2,555.00","2,555.00","2,546.00","2,548.00","196.15K","2.45%"
"04/12/2024","2,494.00","2,495.00","2,495.00","2,495.00","91.76K","1.63%"
"04/11/2024","2,454.00","2,464.00","2,459.00","2,460.00","48.91K","-0.08%"
"04/10/2024","2,456.00","2,485.00","2,485.00","2,483.00","87.39K","-0.16%"
"04/09/2024","2,460.00","2,460.00","2,464.50","2,454.50","76.76K","-0.02%"
"04/08/2024","2,460.50","2,462.00","2,461.50","2,462.00","106.85K","0.41%"
"04/05/2024","2,450.50","2,439.00","2,432.00","2,432.00","89.21K","0.25%"
"04/04/2024","2,444.50","2,440.00","2,439.00","2,440.00","103.72K","0.64%"
"04/03/2024","2,429.00","2,380.00","2,378.00","2,380.00","121.77K","2.06%"
"04/02/2024","2,380.00","2,370.00","2,365.00","2,363.00","112.27K","1.84%"
"03/28/2024","2,337.00","2,313.00","2,310.00","2,310.00","62.23K","1.68%"
"03/27/2024","2,298.50","2,287.00","2,286.00","2,287.00","52.64K","-0.22%"
"03/26/2024","2,303.50","2,325.00","2,324.00","2,324.00","60.45K","-0.97%"
"03/25/2024","2,326.00","2,323.00","2,319.50","2,319.00","68.45K","0.74%"
"03/22/2024","2,309.00","2,295.00","2,294.50","2,295.00","78.73K","0.33%"
"03/21/2024","2,301.50","2,315.00","2,312.00","2,312.00","87.41K","1.25%"
"03/20/2024","2,273.00","2,283.00","2,282.50","2,283.00","61.18K","0.18%"
"03/19/2024","2,269.00","2,255.00","2,254.00","2,255.00","113.23K","-0.37%"
"03/18/2024","2,277.50","2,276.00","2,273.00","2,272.50","63.01K","0.13%"
"03/15/2024","2,274.50","2,273.00","2,271.00","2,270.00","61.21K","1.02%"
"03/14/2024","2,251.50","2,255.00","2,254.50","2,255.00","42.59K","-0.55%"
"03/13/2024","2,264.00","2,270.00","2,269.50","2,270.00","45.45K","-0.04%"
"03/12/2024","2,265.00","2,263.00","2,262.00","2,263.00","53.12K","0.27%"
"03/11/2024","2,259.00","2,248.00","2,245.00","2,243.00","48.68K","0.85%"
"03/08/2024","2,240.00","2,259.00","2,256.00","2,257.00","54.22K","-0.58%"
"03/07/2024","2,253.00","2,260.00","2,255.50","2,255.50","76.63K","0.81%"
"03/06/2024","2,235.00","2,235.00","2,231.00","2,231.00","45.09K","0.29%"
"03/05/2024","2,228.50","2,238.00","2,235.00","2,234.00","42.39K","-0.25%"
"03/04/2024","2,234.00","2,227.00","2,225.50","2,226.00","46.96K","-0.49%"
"03/01/2024","2,245.00","2,225.00","2,223.00","2,222.00","59.75K","0.76%"
"02/29/2024","2,228.00","2,210.00","2,210.00","2,207.00","61.93K","1.71%"
"02/28/2024","2,190.50","2,183.00","2,180.00","2,179.00","48.12K","-0.05%"
"02/27/2024","2,191.50","2,200.00","2,198.00","2,198.00","44.44K","0.53%"
"02/26/2024","2,180.00","2,187.00","2,185.00","2,185.50","42.31K","0.00%"
"02/23/2024","2,180.00","2,194.00","2,197.00","2,194.00","62.59K","-0.82%"
"02/22/2024","2,198.00","2,225.00","2,223.00","2,223.00","75.19K","-0.97%"
"02/21/2024","2,219.50","2,255.00","2,253.00","2,251.00","107.97K","1.19%"
"02/20/2024","2,193.50","2,185.00","2,183.00","2,183.00","63.44K","-0.16%"
"02/19/2024","2,197.00","2,210.00","2,203.00","2,203.00","50.48K","-0.95%"
"02/16/2024","2,218.00","2,230.00","2,230.00","2,230.00","50.02K","-0.29%"
"02/15/2024","2,224.50","2,228.00","2,225.50","2,226.00","74.10K","-0.49%"
"02/14/2024","2,235.50","2,224.00","2,224.00","2,223.00","45.78K","0.45%"
"02/13/2024","2,225.50","2,315.00","2,232.00","2,234.00","35.23K","-0.07%"
"02/12/2024","2,227.00","2,217.00","2,214.00","2,216.00","45.20K","0.50%"
"02/09/2024","2,216.00","2,215.00","2,212.00","2,212.00","48.95K","-0.25%"
"02/08/2024","2,221.50","2,239.00","2,237.00","2,238.00","49.76K","-0.02%"
"02/07/2024","2,222.00","2,230.00","2,228.00","2,230.00","43.50K","-0.38%"
"02/06/2024","2,230.50","2,222.00","2,220.00","2,221.00","61.35K","0.81%"
"02/05/2024","2,212.50","2,220.00","2,219.00","2,219.50","44.46K","-0.94%"
"02/02/2024","2,233.50","2,247.00","2,245.50","2,245.50","47.31K","-0.60%"
"02/01/2024","2,247.00","2,251.00","2,251.00","2,250.00","49.34K","-1.45%"
"01/31/2024","2,280.00","2,274.00","2,270.50","2,270.50","52.65K","0.24%"
"01/30/2024","2,274.50","2,262.00","2,265.00","2,262.00","49.53K","0.44%"
"01/29/2024","2,264.50","2,254.00","2,251.00","2,251.00","55.08K","-0.44%"
"01/26/2024","2,274.50","2,250.00","2,249.00","2,248.00","59.37K","1.61%"
"01/25/2024","2,238.50","2,236.00","2,233.00","2,230.00","58.26K","0.40%"
"01/24/2024","2,229.50","2,252.00","2,243.00","2,244.00","88.65K","0.07%"
"01/23/2024","2,228.00","2,185.50","2,185.00","2,185.50","92.56K","3.20%"
"01/22/2024","2,159.00","2,158.00","2,153.00","2,154.00","49.95K","-0.32%"
"01/19/2024","2,166.00","2,167.00","2,164.00","2,164.50","43.89K","0.12%"
"01/18/2024","2,163.50","2,176.00","2,175.00","2,176.00","59.26K","-0.67%"
"01/17/2024","2,178.00","2,190.00","2,189.00","2,189.50","71.08K","-1.63%"
"01/16/2024","2,214.00","2,207.00","2,205.00","2,207.00","50.41K","0.43%"
"01/15/2024","2,204.50","2,208.00","2,204.00","2,205.00","40.39K","-0.68%"
"01/12/2024","2,219.50","2,223.00","2,222.50","2,223.00","55.89K","-0.69%"
"01/11/2024","2,235.00","2,245.00","2,244.00","2,245.00","56.73K","0.11%"
"01/10/2024","2,232.50","2,245.00","2,244.00","2,244.00","42.84K","-0.76%"
"01/09/2024","2,249.50","2,250.00","2,246.00","2,247.00","49.14K","0.58%"
"01/08/2024","2,236.50","2,253.00","2,252.00","2,252.00","55.62K","-1.63%"
"01/05/2024","2,273.50","2,262.00","2,262.00","2,262.00","51.50K","-0.33%"
"01/04/2024","2,281.00","2,283.00","2,286.00","2,282.00","49.50K","-1.36%"
"01/03/2024","2,312.50","2,305.00","2,301.00","2,302.00","64.29K","-0.98%"
"01/02/2024","2,335.50","2,384.00","2,378.00","2,379.00","63.26K","-2.03%"
"12/29/2023","2,384.00","2,382.00","2,382.00","2,381.00","42.76K","0.25%"
"12/28/2023","2,378.00","2,367.00","2,366.00","2,367.00","65.89K","-0.38%"
"12/27/2023","2,387.00","2,348.00","2,346.00","2,346.00","75.27K","2.62%"
"12/22/2023","2,326.00","2,282.00","2,279.00","2,279.00","90.09K","3.65%"
"12/21/2023","2,244.00","2,233.00","2,232.50","2,233.00","41.94K","0.13%"
"12/20/2023","2,241.00","2,248.00","2,247.00","2,243.50","103.25K","-0.95%"
"12/19/2023","2,262.50","2,273.00","2,272.00","2,272.50","59.36K","-0.90%"
"12/18/2023","2,283.00","2,262.00","2,261.50","2,262.00","74.70K","1.58%"
"12/15/2023","2,247.50","2,250.00","2,249.00","2,249.00","122.12K","1.70%"
"12/14/2023","2,210.00","2,182.00","2,180.00","2,181.00","121.66K","3.27%"
"12/13/2023","2,140.00","2,130.00","2,126.00","2,124.00","60.91K","0.90%"
"12/12/2023","2,121.00","2,140.00","2,137.00","2,136.50","52.89K","0.19%"
"12/11/2023","2,117.00","2,128.00","2,126.50","2,126.00","54.54K","-0.80%"
"12/08/2023","2,134.00","2,155.00","2,150.00","2,150.50","61.18K","0.07%"
"12/07/2023","2,132.50","2,142.00","2,140.00","2,140.00","57.90K","-0.74%"
"12/06/2023","2,148.50","2,155.00","2,156.00","2,155.00","48.02K","-0.53%"
"12/05/2023","2,160.00","2,164.00","2,162.50","2,162.50","72.11K","-1.01%"
"12/04/2023","2,182.00","2,190.00","2,188.00","2,188.50","58.39K","-1.22%"
"12/01/2023","2,209.00","2,187.00","2,183.00","2,185.00","78.71K","0.73%"
"11/30/2023","2,193.00","2,202.00","2,200.00","2,198.00","63.09K","-0.95%"
"11/29/2023","2,214.00","2,220.00","2,217.50","2,218.00","45.23K","-0.14%"
"11/28/2023","2,217.00","2,207.00","2,208.00","2,207.00","58.48K","0.29%"
"11/27/2023","2,210.50","2,223.00","2,221.00","2,221.50","43.90K","-0.25%"
"11/24/2023","2,216.00","2,219.00","2,216.00","2,217.00","33.86K","-0.38%"
"11/23/2023","2,224.50","2,221.00","2,220.00","2,221.00","25.81K","0.27%"
"11/22/2023","2,218.50","2,235.00","2,237.00","2,233.00","57.60K","-1.77%"
"11/21/2023","2,258.50","2,244.00","2,239.00","2,239.00","68.14K","0.58%"
"11/20/2023","2,245.50","2,227.00","2,228.00","2,227.00","56.95K","1.74%"
"11/17/2023","2,207.00","2,203.50","2,203.00","2,203.50","50.95K","-0.38%"
"11/16/2023","2,215.50","2,223.00","2,219.00","2,220.00","50.83K","-0.76%"
"11/15/2023","2,232.50","2,233.00","2,232.50","2,232.50","50.73K","0.07%"
"11/14/2023","2,231.00","2,220.00","2,218.00","2,218.50","59.27K","0.34%"
"11/13/2023","2,223.50","2,230.00","2,225.00","2,222.50","51.72K","0.38%"
"11/10/2023","2,215.00","2,222.00","2,219.00","2,221.00","68.04K","-1.23%"
"11/09/2023","2,242.50","2,237.00","2,236.00","2,236.00","51.75K","-0.93%"
"11/08/2023","2,263.50","2,270.00","2,273.00","2,270.00","38.18K","-0.07%"
"11/07/2023","2,265.00","2,265.00","2,263.50","2,264.00","51.62K","-0.98%"
"11/06/2023","2,287.50","2,279.00","2,278.00","2,279.00","51.86K","1.49%"
"11/03/2023","2,254.00","2,245.00","2,242.00","2,242.00","40.54K","1.19%"
"11/02/2023","2,227.50","2,240.00","2,237.00","2,238.00","41.98K","-0.40%"
"11/01/2023","2,236.50","2,247.00","2,241.00","2,241.50","42.64K","-0.67%"
"10/31/2023","2,251.50","2,251.00","2,246.00","2,245.00","56.47K","-0.66%"
"10/30/2023","2,266.50","2,260.00","2,257.00","2,258.00","62.10K","2.09%"
"10/27/2023","2,220.00","2,192.00","2,191.00","2,190.50","48.14K","1.02%"
"10/26/2023","2,197.50","2,220.00","2,215.00","2,216.00","43.57K","-0.97%"
"10/25/2023","2,219.00","2,212.00","2,210.00","2,208.50","47.39K","1.28%"
"10/24/2023","2,191.00","2,173.00","2,171.50","2,171.50","44.21K","0.69%"
"10/23/2023","2,176.00","2,178.00","2,172.00","2,174.00","31.71K","-0.25%"
"10/20/2023","2,181.50","2,175.00","2,177.00","2,175.00","27.91K","-0.16%"
"10/19/2023","2,185.00","2,181.00","2,176.50","2,177.00","36.40K","0.14%"
"10/18/2023","2,182.00","2,195.00","2,190.00","2,185.50","34.32K","0.23%"
"10/17/2023","2,177.00","2,172.00","2,170.50","2,170.00","70.35K","-0.16%"
"10/16/2023","2,180.50","2,194.00","2,191.00","2,191.00","43.47K","-0.86%"
"10/13/2023","2,199.50","2,203.00","2,200.50","2,201.00","40.02K","-0.02%"
"10/12/2023","2,200.00","2,212.00","2,208.00","2,208.00","48.57K","-0.63%"
"10/11/2023","2,214.00","2,215.00","2,213.00","2,215.00","32.77K","0.07%"
"10/10/2023","2,212.50","2,232.00","2,230.00","2,230.00","45.59K","-1.29%"
"10/09/2023","2,241.50","2,229.00","2,227.00","2,229.00","45.56K","0.09%"
"10/06/2023","2,239.50","2,242.00","2,238.00","2,238.00","42.62K","0.34%"
"10/05/2023","2,232.00","2,235.00","2,231.00","2,233.00","41.33K","-0.65%"
"10/04/2023","2,246.50","2,267.00","2,270.00","2,267.00","69.01K","-1.90%"
"10/03/2023","2,290.00","2,290.00","2,292.00","2,290.00","62.87K","-1.34%"
"10/02/2023","2,321.00","2,323.00","2,315.00","2,317.00","70.93K","-1.11%"
"09/29/2023","2,347.00","2,335.00","2,340.00","2,335.00","95.45K","3.05%"
"09/28/2023","2,277.50","2,265.00","2,263.00","2,265.00","70.49K","1.76%"
"09/27/2023","2,238.00","2,226.00","2,225.00","2,226.00","48.75K","-0.25%"
"09/26/2023","2,243.50","2,238.00","2,237.50","2,238.00","37.48K","0.45%"
"09/25/2023","2,233.50","2,225.00","2,224.00","2,224.00","40.26K","-0.31%"
"09/22/2023","2,240.50","2,240.00","2,239.00","2,240.00","54.99K","1.29%"
"09/21/2023","2,212.00","2,212.00","2,211.00","2,212.00","50.99K","-1.95%"
"09/20/2023","2,256.00","2,249.00","2,247.00","2,247.00","89.15K","1.83%"
"09/19/2023","2,215.50","2,220.00","2,215.00","2,215.50","39.69K","-0.20%"
"09/18/2023","2,220.00","2,209.00","2,205.00","2,205.00","57.00K","1.37%"
"09/15/2023","2,190.00","2,198.00","2,196.00","2,196.50","52.60K","-1.55%"
"09/14/2023","2,224.50","2,238.00","2,235.00","2,235.00","46.05K","0.32%"
"09/13/2023","2,217.50","2,198.00","2,195.00","2,197.00","45.41K","0.96%"
"09/12/2023","2,196.50","2,200.00","2,199.00","2,198.50","30.50K","-0.41%"
"09/11/2023","2,205.50","2,195.00","2,194.00","2,195.00","40.69K","1.01%"
"09/08/2023","2,183.50","2,182.00","2,180.00","2,179.00","41.26K","-0.57%"
"09/07/2023","2,196.00","2,184.00","2,178.00","2,178.00","42.47K","0.11%"
"09/06/2023","2,193.50","2,208.00","2,205.00","2,206.00","45.70K","0.02%"
"09/05/2023","2,193.00","2,189.00","2,188.50","2,188.50","38.79K","-0.88%"
"09/04/2023","2,212.50","2,200.00","2,196.00","2,197.00","34.40K","-1.10%"
"09/01/2023","2,237.00","2,236.00","2,233.50","2,234.00","77.49K","1.31%"
"08/31/2023","2,208.00","2,208.00","2,203.00","2,204.00","72.07K","0.30%"
"08/30/2023","2,201.50","2,181.00","2,179.00","2,179.50","57.95K","1.52%"
"08/29/2023","2,168.50","2,162.00","2,159.00","2,157.00","44.75K","0.84%"
"08/25/2023","2,150.50","2,165.00","2,160.00","2,160.50","38.07K","-0.32%"
"08/24/2023","2,157.50","2,165.00","2,162.00","2,162.00","36.01K","-1.01%"
"08/23/2023","2,179.50","2,183.00","2,180.00","2,180.00","34.33K","0.11%"
"08/22/2023","2,177.00","2,175.00","2,172.00","2,173.00","72.87K","1.54%"
"08/21/2023","2,144.00","2,122.00","2,122.00","2,122.00","50.07K","0.33%"
"08/18/2023","2,137.00","2,147.00","2,137.00","2,139.00","40.27K","-0.40%"
"08/17/2023","2,145.50","2,175.00","2,171.00","2,171.50","50.26K","0.12%"
"08/16/2023","2,143.00","2,140.00","2,142.00","2,140.00","39.48K","0.02%"
"08/15/2023","2,142.50","2,142.00","2,138.00","2,140.00","64.02K","-0.16%"
"08/14/2023","2,146.00","2,149.00","2,148.00","2,146.00","39.95K","-1.36%"
"08/11/2023","2,175.50","2,178.00","2,177.00","2,178.00","39.06K","-1.29%"
"08/10/2023","2,204.00","2,214.00","2,212.00","2,213.00","40.19K","0.41%"
"08/09/2023","2,195.00","2,208.00","2,205.00","2,205.00","38.00K","-0.25%"
"08/08/2023","2,200.50","2,193.00","2,194.00","2,192.00","108.55K","-1.32%"
"08/07/2023","2,230.00","2,225.00","2,229.00","2,225.00","24.38K","-0.11%"
"08/04/2023","2,232.50","2,210.00","2,210.00","2,210.00","39.68K","0.11%"
"08/03/2023","2,230.00","2,200.00","2,193.00","2,195.00","49.07K","0.95%"
"08/02/2023","2,209.00","2,229.00","2,229.00","2,226.00","54.76K","-2.06%"
"08/01/2023","2,255.50","2,262.00","2,260.00","2,262.00","54.10K","-1.18%"
"07/31/2023","2,282.50","2,242.00","2,241.00","2,242.00","60.80K","2.72%"
"07/28/2023","2,222.00","2,205.00","2,202.00","2,202.00","40.18K","0.77%"
"07/27/2023","2,205.00","2,220.00","2,219.00","2,220.00","39.96K","-0.36%"
"07/26/2023","2,213.00","2,215.00","2,214.00","2,215.00","39.26K","-1.21%"
"07/25/2023","2,240.00","2,231.00","2,227.00","2,226.50","48.35K","1.40%"
"07/24/2023","2,209.00","2,195.00","2,191.00","2,193.00","30.52K","0.20%"
"07/21/2023","2,204.50","2,200.00","2,196.50","2,197.00","30.01K","0.16%"
"07/20/2023","2,201.00","2,220.00","2,219.50","2,220.00","41.30K","0.48%"
"07/19/2023","2,190.50","2,190.00","2,186.00","2,186.00","49.97K","-0.59%"
"07/18/2023","2,203.50","2,217.00","2,216.00","2,216.00","53.98K","-2.28%"
"07/17/2023","2,255.00","2,245.00","2,244.00","2,245.00","39.24K","-0.94%"
"07/14/2023","2,276.50","2,272.00","2,268.00","2,268.00","52.99K","-0.07%"
"07/13/2023","2,278.00","2,275.00","2,277.00","2,275.00","78.30K","1.88%"
"07/12/2023","2,236.00","2,190.00","2,189.00","2,186.00","77.01K","3.11%"
"07/11/2023","2,168.50","2,180.00","2,179.00","2,179.50","47.22K","1.00%"
"07/10/2023","2,147.00","2,147.00","2,145.00","2,147.00","37.17K","0.07%"
"07/07/2023","2,145.50","2,131.00","2,130.50","2,130.00","40.18K","0.78%"
"07/06/2023","2,129.00","2,150.00","2,149.50","2,150.00","40.50K","-0.63%"
"07/05/2023","2,142.50","2,147.00","2,146.00","2,147.00","50.91K","-1.15%"
"07/04/2023","2,167.50","2,156.00","2,156.00","2,156.00","25.76K","0.46%"
"07/03/2023","2,157.50","2,155.00","2,146.00","2,147.00","38.08K","0.28%"
"06/30/2023","2,151.50","2,142.00","2,141.00","2,141.50","56.83K","-0.39%"
"06/29/2023","2,160.00","2,155.00","2,150.50","2,150.00","35.19K","-0.62%"
"06/28/2023","2,173.50","2,188.00","2,185.00","2,183.50","45.72K","-0.98%"
"06/27/2023","2,195.00","2,194.00","2,191.00","2,191.50","64.05K","2.16%"
"06/26/2023","2,148.50","2,155.00","2,155.00","2,155.00","51.76K","-1.20%"
"06/23/2023","2,174.50","2,176.00","2,174.00","2,175.00","49.79K","-1.20%"
"06/22/2023","2,201.00","2,235.00","2,234.50","2,234.00","38.74K","-0.99%"
"06/21/2023","2,223.00","2,209.00","2,204.50","2,205.00","48.18K","-0.31%"
"06/20/2023","2,230.00","2,230.00","2,227.00","2,229.00","69.35K","-0.49%"
"06/19/2023","2,241.00","2,245.00","2,244.00","2,244.00","38.24K","-1.32%"
"06/16/2023","2,271.00","2,270.00","2,269.50","2,270.00","59.77K","0.96%"
"06/15/2023","2,249.50","2,237.00","2,236.50","2,237.00","53.92K","-0.18%"
"06/14/2023","2,253.50","2,244.00","2,243.00","2,243.00","47.12K","0.96%"
"06/13/2023","2,232.00","2,235.00","2,235.00","2,234.00","38.41K","0.18%"
"06/12/2023","2,228.00","2,237.00","2,233.00","2,234.00","39.15K","-1.76%"
"06/09/2023","2,268.00","2,266.00","2,265.50","2,266.00","46.04K","0.60%"
"06/08/2023","2,254.50","2,230.00","2,227.00","2,227.00","48.07K","1.60%"
"06/07/2023","2,219.00","2,215.00","2,213.00","2,215.00","48.79K","0.41%"
"06/06/2023","2,210.00","2,220.00","2,218.50","2,219.00","62.46K","-1.52%"
"06/05/2023","2,244.00","2,255.00","2,254.50","2,253.00","56.06K","-0.86%"
"06/02/2023","2,263.50","2,288.00","2,289.00","2,288.00","69.55K","-0.83%"
"06/01/2023","2,282.50","2,260.00","2,252.50","2,253.00","59.20K","1.63%"
"05/31/2023","2,246.00","2,229.00","2,221.00","2,221.50","57.58K","0.99%"
"05/30/2023","2,224.00","2,225.00","2,224.00","2,225.00","48.90K","-0.60%"
"05/26/2023","2,237.50","2,245.00","2,237.00","2,228.00","47.64K","0.29%"
"05/25/2023","2,231.00","2,230.00","2,226.00","2,226.00","59.56K","1.18%"
"05/24/2023","2,205.00","2,229.00","2,228.00","2,229.00","79.56K","-0.99%"
"05/23/2023","2,227.00","2,227.00","2,225.00","2,227.00","59.38K","-1.61%"
"05/22/2023","2,263.50","2,260.00","2,260.00","2,260.00","49.01K","-0.88%"
"05/19/2023","2,283.50","2,297.00","2,295.00","2,297.00","37.97K","0.00%"
"05/18/2023","2,283.50","2,304.00","2,302.00","2,304.00","49.96K","-0.57%"
"05/17/2023","2,296.50","2,277.00","2,273.00","2,273.00","58.17K","1.64%"
"05/16/2023","2,259.50","2,248.00","2,242.00","2,242.50","65.24K","0.00%"
"05/15/2023","2,259.50","2,273.00","2,270.00","2,268.00","54.32K","1.25%"
"05/12/2023","2,231.50","2,237.00","2,236.50","2,237.00","66.67K","0.93%"
"05/11/2023","2,211.00","2,245.00","2,240.00","2,236.00","96.50K","-2.51%"
"05/10/2023","2,268.00","2,285.00","2,280.00","2,280.50","51.23K","-2.24%"
"05/09/2023","2,320.00","2,327.00","2,326.00","2,327.00","54.98K","0.06%"
"05/05/2023","2,318.50","2,292.00","2,290.00","2,292.00","44.97K","1.38%"
"05/04/2023","2,287.00","2,310.00","2,306.00","2,308.00","50.09K","-1.46%"
"05/03/2023","2,321.00","2,348.00","2,342.00","2,343.00","39.43K","-1.92%"
"05/02/2023","2,366.50","2,360.00","2,353.00","2,355.00","55.32K","0.45%"
"04/28/2023","2,356.00","2,358.00","2,342.00","2,340.00","49.68K","1.60%"
"04/27/2023","2,319.00","2,310.00","2,309.50","2,310.00","50.30K","-0.34%"
"04/26/2023","2,327.00","2,356.00","2,355.00","2,356.00","44.97K","-0.36%"
"04/25/2023","2,335.50","2,335.00","2,332.00","2,332.00","55.64K","-1.91%"
"04/24/2023","2,381.00","2,375.00","2,373.00","2,373.00","34.04K","-0.65%"
"04/21/2023","2,396.50","2,400.00","2,398.00","2,398.00","38.98K","-1.01%"
"04/20/2023","2,421.00","2,430.00","2,430.00","2,429.00","55.30K","-0.98%"
"04/19/2023","2,445.00","2,409.00","2,401.00","2,402.00","69.60K","0.33%"
"04/18/2023","2,437.00","2,425.00","2,423.00","2,423.00","65.88K","2.46%"
"04/17/2023","2,378.50","2,371.00","2,370.00","2,371.00","41.56K","-0.29%"
"04/14/2023","2,385.50","2,388.00","2,387.00","2,388.00","47.40K","0.78%"
"04/13/2023","2,367.00","2,370.00","2,365.00","2,334.00","54.90K","1.81%"
"04/12/2023","2,325.00","2,305.00","2,301.50","2,302.00","51.15K","0.98%"
"04/11/2023","2,302.50","2,310.00","2,307.00","2,306.00","52.18K","-1.33%"
"04/06/2023","2,333.50","2,345.00","2,340.50","2,340.50","35.59K","0.00%"
"04/05/2023","2,333.50","2,350.00","2,353.00","2,350.00","41.76K","-1.56%"
"04/04/2023","2,370.50","2,393.00","2,393.00","2,393.00","47.94K","-1.13%"
"04/03/2023","2,397.50","2,430.00","2,429.00","2,430.00","62.87K","-0.64%"
"03/31/2023","2,413.00","2,380.00","2,375.00","2,375.50","39.51K","1.13%"
"03/30/2023","2,386.00","2,388.00","2,386.00","2,388.00","33.56K","0.25%"
"03/29/2023","2,380.00","2,410.00","2,410.00","2,410.00","49.14K","-0.38%"
"03/28/2023","2,389.00","2,362.00","2,360.00","2,361.00","37.35K","1.08%"
"03/27/2023","2,363.50","2,342.00","2,340.00","2,340.50","33.15K","1.13%"
"03/24/2023","2,337.00","2,320.00","2,312.00","2,313.00","48.87K","0.47%"
"03/23/2023","2,326.00","2,313.50","2,313.00","2,313.50","46.76K","1.73%"
"03/22/2023","2,286.50","2,285.00","2,282.00","2,282.50","39.55K","0.88%"
"03/21/2023","2,266.50","2,289.00","2,284.00","2,286.00","55.05K","-0.35%"
"03/20/2023","2,274.50","2,287.00","2,282.50","2,282.50","38.19K","0.02%"
"03/17/2023","2,274.00","2,288.00","2,280.00","2,280.00","50.17K","0.29%"
"03/16/2023","2,267.50","2,295.00","2,286.00","2,287.00","50.62K","-0.42%"
"03/15/2023","2,277.00","2,300.00","2,295.00","2,295.50","74.19K","-3.21%"
"03/14/2023","2,352.50","2,329.00","2,320.00","2,321.00","43.54K","0.81%"
"03/13/2023","2,333.50","2,290.00","2,286.00","2,287.00","74.01K","0.89%"
"03/10/2023","2,313.00","2,300.00","2,297.00","2,297.50","67.68K","-0.64%"
"03/09/2023","2,328.00","2,342.00","2,335.00","2,335.00","31.34K","-1.10%"
"03/08/2023","2,354.00","2,340.00","2,335.00","2,336.00","51.93K","0.17%"
"03/07/2023","2,350.00","2,361.00","2,361.00","2,360.00","38.46K","-1.34%"
"03/06/2023","2,382.00","2,370.00","2,367.00","2,367.00","39.03K","-0.96%"
"03/03/2023","2,405.00","2,410.00","2,403.00","2,404.00","34.22K","0.23%"
"03/02/2023","2,399.50","2,412.00","2,410.00","2,411.00","43.51K","-1.32%"
"03/01/2023","2,431.50","2,415.00","2,405.50","2,406.00","49.09K","2.47%"
"02/28/2023","2,373.00","2,350.00","2,345.00","2,345.00","38.40K","0.42%"
"02/27/2023","2,363.00","2,360.00","2,358.00","2,360.00","39.58K","1.18%"
"02/24/2023","2,335.50","2,356.00","2,355.00","2,356.00","64.25K","-2.53%"
"02/23/2023","2,396.00","2,408.00","2,408.00","2,408.00","37.98K","-0.91%"
"02/22/2023","2,418.00","2,432.00","2,428.00","2,428.00","41.89K","-2.01%"
"02/21/2023","2,467.50","2,473.00","2,470.00","2,472.00","43.76K","0.41%"
"02/20/2023","2,457.50","2,430.00","2,428.00","2,428.00","31.17K","2.93%"
"02/17/2023","2,387.50","2,375.00","2,372.00","2,373.00","44.83K","-0.27%"
"02/16/2023","2,394.00","2,388.00","2,381.00","2,382.00","46.94K","0.40%"
"02/15/2023","2,384.50","2,398.00","2,393.00","2,390.50","47.14K","-0.98%"
"02/14/2023","2,408.00","2,420.00","2,419.00","2,420.00","43.63K","-0.19%"
"02/13/2023","2,412.50","2,430.00","2,424.00","2,424.00","54.61K","-1.15%"
"02/10/2023","2,440.50","2,468.00","2,465.00","2,465.00","44.19K","-2.34%"
"02/09/2023","2,499.00","2,465.00","2,465.00","2,465.00","49.81K","0.73%"
"02/08/2023","2,481.00","2,508.00","2,507.00","2,508.00","64.18K","-1.72%"
"02/07/2023","2,524.50","2,512.00","2,513.00","2,512.00","40.65K","-0.36%"
"02/06/2023","2,533.50","2,530.00","2,525.00","2,527.00","50.90K","-1.40%"
"02/03/2023","2,569.50","2,595.00","2,593.00","2,593.00","39.84K","-1.82%"
"02/02/2023","2,617.00","2,610.00","2,607.00","2,609.00","55.12K","-0.55%"
"02/01/2023","2,631.50","2,645.00","2,642.00","2,644.00","43.50K","-0.47%"
"01/31/2023","2,644.00","2,580.00","2,573.50","2,573.50","55.09K","2.10%"
"01/30/2023","2,589.50","2,615.00","2,615.00","2,615.00","39.44K","-1.43%"
"01/27/2023","2,627.00","2,641.00","2,637.00","2,637.00","29.45K","-0.45%"
"01/26/2023","2,639.00","2,642.00","2,640.00","2,642.00","30.47K","-0.73%"
"01/25/2023","2,658.50","2,637.00","2,638.00","2,637.00","29.94K","0.30%"
"01/24/2023","2,650.50","2,630.00","2,626.00","2,627.00","29.73K","0.53%"
"01/23/2023","2,636.50","2,625.00","2,620.00","2,619.00","24.39K","1.00%"
"01/20/2023","2,610.50","2,620.00","2,618.00","2,614.00","33.43K","0.89%"
"01/19/2023","2,587.50","2,574.00","2,571.00","2,570.50","53.22K","-1.91%"
"01/18/2023","2,638.00","2,660.00","2,662.00","2,659.00","69.66K","0.74%"
"01/17/2023","2,618.50","2,595.00","2,586.00","2,587.00","44.74K","-0.10%"
"01/16/2023","2,621.00","2,629.00","2,624.00","2,624.00","58.20K","1.00%"
"01/13/2023","2,595.00","2,546.00","2,545.00","2,546.00","73.01K","1.82%"
"01/12/2023","2,548.50","2,482.00","2,475.50","2,476.00","56.55K","1.53%"
"01/11/2023","2,510.00","2,487.00","2,486.00","2,485.00","54.33K","1.89%"
"01/10/2023","2,463.50","2,432.00","2,430.00","2,432.00","61.28K","1.03%"
"01/09/2023","2,438.50","2,370.00","2,368.00","2,370.00","71.02K","6.23%"
"01/06/2023","2,295.50","2,275.00","2,274.00","2,273.00","51.62K","1.77%"
"01/05/2023","2,255.50","2,310.00","2,303.00","2,304.00","45.60K","-0.49%"
"01/04/2023","2,266.50","2,287.00","2,286.00","2,287.00","50.90K","-1.93%"
"01/03/2023","2,311.00","2,369.00","2,368.00","2,369.00","54.93K","-2.82%"
"12/30/2022","2,378.00","2,397.00","2,391.00","2,392.00","29.18K","-1.12%"
"12/29/2022","2,405.00","2,400.00","2,399.00","2,399.00","23.86K","1.01%"
"12/28/2022","2,381.00","2,378.00","2,376.00","2,378.00","31.08K","-0.36%"
"12/23/2022","2,389.50","2,378.00","2,371.00","2,373.00","24.64K","-0.69%"
"12/22/2022","2,406.00","2,398.00","2,395.00","2,397.00","25.55K","0.61%"
"12/21/2022","2,391.50","2,395.00","2,392.00","2,392.00","30.10K","0.80%"
"12/20/2022","2,372.50","2,371.00","2,370.00","2,371.00","40.10K","0.49%"
"12/19/2022","2,361.00","2,378.00","2,363.50","2,364.00","30.52K","-0.59%"
"12/16/2022","2,375.00","2,398.00","2,396.00","2,398.00","39.58K","-0.38%"
"12/15/2022","2,384.00","2,435.00","2,428.00","2,428.00","49.86K","-2.45%"
"12/14/2022","2,444.00","2,428.00","2,427.00","2,428.00","25.66K","-0.69%"
"12/13/2022","2,461.00","2,430.00","2,427.00","2,427.00","40.43K","1.95%"
"12/12/2022","2,414.00","2,440.00","2,428.00","2,430.00","37.30K","-2.68%"
"12/09/2022","2,480.50","2,485.00","2,487.50","2,485.00","27.20K","-0.90%"
"12/08/2022","2,503.00","2,500.00","2,497.00","2,498.00","31.52K","0.70%"
"12/07/2022","2,485.50","2,485.00","2,476.50","2,476.50","35.77K","-0.92%"
"12/06/2022","2,508.50","2,497.00","2,490.00","2,490.00","42.06K","-0.56%"
"12/05/2022","2,522.50","2,520.00","2,515.00","2,517.00","44.15K","-0.90%"
"12/02/2022","2,545.50","2,485.00","2,477.00","2,479.00","52.48K","2.43%"
"12/01/2022","2,485.00","2,465.00","2,460.00","2,460.50","58.01K","0.30%"
"11/30/2022","2,477.50","2,425.00","2,420.00","2,419.00","54.78K","4.12%"
"11/29/2022","2,379.50","2,384.00","2,382.00","2,382.00","30.25K","0.72%"
"11/28/2022","2,362.50","2,353.50","2,353.00","2,353.50","25.18K","0.00%"
"11/25/2022","2,362.50","2,381.00","2,380.00","2,381.00","25.80K","-0.21%"
"11/24/2022","2,367.50","2,382.00","2,375.00","2,375.00","18.46K","-1.23%"
"11/23/2022","2,397.00","2,393.00","2,389.00","2,390.00","25.66K","-1.32%"
"11/22/2022","2,429.00","2,420.00","2,417.00","2,419.00","31.17K","2.10%"
"11/21/2022","2,379.00","2,375.00","2,366.00","2,368.00","31.88K","-2.10%"
"11/18/2022","2,430.00","2,400.00","2,399.50","2,400.00","31.76K","1.63%"
"11/17/2022","2,391.00","2,380.00","2,370.50","2,371.00","37.17K","-0.87%"
"11/16/2022","2,412.00","2,424.00","2,424.00","2,420.00","31.53K","-0.94%"
"11/15/2022","2,435.00","2,440.00","2,443.00","2,440.00","48.12K","-0.71%"
"11/14/2022","2,452.50","2,425.00","2,416.00","2,418.00","50.33K","-0.45%"
"11/11/2022","2,463.50","2,433.00","2,425.00","2,425.00","79.52K","5.87%"
"11/10/2022","2,327.00","2,290.00","2,283.00","2,285.00","42.75K","0.34%"
"11/09/2022","2,319.00","2,355.00","2,354.00","2,355.00","39.27K","-2.23%"
"11/08/2022","2,372.00","2,339.50","2,340.00","2,339.50","36.21K","1.50%"
"11/07/2022","2,337.00","2,305.00","2,301.00","2,302.00","35.08K","-0.79%"
"11/04/2022","2,355.50","2,328.00","2,317.00","2,318.00","46.46K","4.04%"
"11/03/2022","2,264.00","2,237.00","2,240.00","2,235.00","26.95K","0.58%"
"11/02/2022","2,251.00","2,248.00","2,240.00","2,238.50","31.05K","0.38%"
"11/01/2022","2,242.50","2,258.00","2,253.50","2,253.00","36.75K","0.92%"
"10/31/2022","2,222.00","2,207.00","2,206.00","2,207.00","39.31K","0.47%"
"10/28/2022","2,211.50","2,245.00","2,235.50","2,235.50","44.84K","-3.32%"
"10/27/2022","2,287.50","2,305.00","2,300.00","2,302.00","46.13K","-2.03%"
"10/26/2022","2,335.00","2,262.00","2,265.00","2,262.00","56.82K","5.42%"
"10/25/2022","2,215.00","2,185.00","2,192.00","2,185.00","40.19K","1.84%"
"10/24/2022","2,175.00","2,180.00","2,178.00","2,176.00","31.67K","-1.41%"
"10/21/2022","2,206.00","2,180.00","2,174.50","2,175.00","31.46K","-0.16%"
"10/20/2022","2,209.50","2,228.00","2,227.00","2,228.00","39.80K","1.80%"
"10/19/2022","2,170.50","2,185.00","2,180.00","2,181.00","39.28K","-1.03%"
"10/18/2022","2,193.00","2,215.00","2,216.00","2,215.00","58.18K","-1.62%"
"10/17/2022","2,229.00","2,242.00","2,240.00","2,240.50","42.21K","-3.34%"
"10/14/2022","2,306.00","2,308.00","2,302.00","2,302.00","35.86K","-2.27%"
"10/13/2022","2,359.50","2,370.00","2,360.00","2,360.50","71.88K","2.36%"
"10/12/2022","2,305.00","2,217.00","2,219.50","2,217.00","42.53K","3.09%"
"10/11/2022","2,236.00","2,220.00","2,215.00","2,215.50","44.16K","-1.06%"
"10/10/2022","2,260.00","2,275.00","2,277.00","2,275.00","35.04K","-1.70%"
"10/07/2022","2,299.00","2,350.00","2,344.50","2,345.50","34.59K","-2.05%"
"10/06/2022","2,347.00","2,360.00","2,359.00","2,360.00","46.80K","-0.21%"
"10/05/2022","2,352.00","2,299.00","2,297.00","2,299.00","53.31K","0.17%"
"10/04/2022","2,348.00","2,280.00","2,275.00","2,272.00","66.17K","5.79%"
"10/03/2022","2,219.50","2,169.00","2,168.00","2,169.00","51.20K","2.66%"
"09/30/2022","2,162.00","2,198.00","2,195.00","2,190.00","52.17K","-1.59%"
"09/29/2022","2,197.00","2,273.00","2,272.00","2,273.00","81.67K","3.44%"
"09/28/2022","2,124.00","2,104.00","2,102.00","2,103.00","48.59K","0.47%"
"09/27/2022","2,114.00","2,130.00","2,128.00","2,130.00","41.90K","-1.19%"
"09/26/2022","2,139.50","2,152.00","2,145.00","2,145.50","37.04K","-1.18%"
"09/23/2022","2,165.00","2,175.00","2,171.00","2,172.00","41.38K","-2.85%"
"09/22/2022","2,228.50","2,220.00","2,215.00","2,215.00","45.66K","1.18%"
"09/21/2022","2,202.50","2,218.00","2,216.00","2,218.00","68.03K","-1.91%"
"09/20/2022","2,245.50","2,257.00","2,265.00","2,257.00","34.55K","-0.24%"
"09/19/2022","2,251.00","2,250.00","2,246.00","2,247.00","23.36K","-1.14%"
"09/16/2022","2,277.00","2,274.00","2,266.00","2,267.00","23.36K","-1.32%"
"09/15/2022","2,307.50","2,282.00","2,281.00","2,282.00","46.52K","1.63%"
"09/14/2022","2,270.50","2,247.00","2,243.00","2,244.00","44.10K","-1.84%"
"09/13/2022","2,313.00","2,329.00","2,327.00","2,326.00","41.67K","1.31%"
"09/12/2022","2,283.00","2,310.00","2,309.00","2,309.50","30.51K","-0.13%"
"09/09/2022","2,286.00","2,292.00","2,289.00","2,290.00","52.51K","0.42%"
"09/08/2022","2,276.50","2,268.50","2,280.50","2,257.50","","1.86%"
"09/07/2022","2,235.00","2,238.00","2,237.00","2,238.00","49.52K","-1.13%"
"09/06/2022","2,260.50","2,263.00","2,262.00","2,263.00","47.10K","-1.09%"
"09/05/2022","2,285.50","2,296.00","2,289.00","2,290.00","27.49K","-0.44%"
"09/02/2022","2,295.50","2,305.00","2,301.00","2,301.00","38.74K","0.02%"
"09/01/2022","2,295.00","2,300.00","2,300.50","2,298.00","62.33K","-2.71%"
"08/31/2022","2,359.00","2,357.00","2,357.00","2,357.00","56.07K","-1.34%"
"08/30/2022","2,391.00","2,403.00","2,404.50","2,403.00","52.07K","-4.11%"
"08/26/2022","2,493.50","2,486.00","2,484.50","2,485.00","51.01K","2.47%"
"08/25/2022","2,433.50","2,427.50","2,426.50","2,427.50","29.56K","0.14%"
"08/24/2022","2,430.00","2,418.00","2,413.00","2,414.00","33.07K","0.25%"
"08/23/2022","2,424.00","2,420.00","2,416.00","2,416.00","43.33K","1.40%"
"08/22/2022","2,390.50","2,385.00","2,380.50","2,380.50","30.33K","0.19%"
"08/19/2022","2,386.00","2,380.00","2,373.00","2,373.50","35.65K","-0.71%"
"08/18/2022","2,403.00","2,415.00","2,413.00","2,414.00","37.75K","-0.33%"
"08/17/2022","2,411.00","2,413.00","2,420.00","2,413.00","33.89K","0.79%"
"08/16/2022","2,392.00","2,444.00","2,442.00","2,443.00","77.43K","0.08%"
"08/15/2022","2,390.00","2,393.00","2,383.00","2,385.00","46.76K","-1.83%"
"08/12/2022","2,434.50","2,472.00","2,465.50","2,465.50","38.04K","-3.41%"
"08/11/2022","2,520.50","2,497.00","2,493.00","2,493.00","33.31K","1.25%"
"08/10/2022","2,489.50","2,455.00","2,448.00","2,448.00","38.51K","-0.04%"
"08/09/2022","2,490.50","2,478.00","2,473.00","2,472.50","37.71K","1.84%"
"08/08/2022","2,445.50","2,440.00","2,432.00","2,434.00","22.40K","1.22%"
"08/05/2022","2,416.00","2,445.00","2,442.00","2,441.00","35.26K","0.54%"
"08/04/2022","2,403.00","2,377.00","2,372.50","2,372.50","37.72K","1.05%"
"08/03/2022","2,378.00","2,401.00","2,401.00","2,401.00","34.52K","-1.51%"
"08/02/2022","2,414.50","2,438.00","2,436.00","2,437.00","47.65K","-0.66%"
"08/01/2022","2,430.50","2,447.50","2,447.50","2,447.50","34.76K","-2.33%"
"07/29/2022","2,488.50","2,450.00","2,437.50","2,437.00","50.79K","1.32%"
"07/28/2022","2,456.00","2,450.00","2,446.00","2,445.00","39.16K","1.19%"
"07/27/2022","2,427.00","2,437.50","2,440.00","2,386.00","","-0.41%"
"07/26/2022","2,437.00","2,439.00","2,448.00","2,419.00","","0.91%"
"07/25/2022","2,415.00","2,443.50","2,464.00","2,402.00","","-2.19%"
"07/22/2022","2,469.00","2,449.50","2,487.00","2,439.00","","1.19%"
"07/21/2022","2,440.00","2,425.50","2,457.00","2,410.00","","0.62%"
"07/20/2022","2,425.00","2,399.00","2,465.00","2,396.50","","1.63%"
"07/19/2022","2,386.00","2,410.50","2,434.00","2,382.00","","-2.01%"
"07/18/2022","2,435.00","2,340.50","2,461.00","2,340.50","","3.88%"
"07/15/2022","2,344.00","2,332.50","2,366.00","2,311.00","","0.69%"
"07/14/2022","2,328.00","2,351.50","2,362.00","2,323.00","","-1.48%"
"07/13/2022","2,363.00","2,356.00","2,384.00","2,336.00","","-0.08%"
"07/12/2022","2,365.00","2,368.50","2,392.00","2,353.00","","-0.63%"
"07/11/2022","2,380.00","2,413.50","2,435.00","2,373.00","","-2.32%"
"07/08/2022","2,436.50","2,420.00","2,414.00","2,414.00","","-0.25%"
"07/07/2022","2,442.50","2,440.00","2,433.00","2,435.00","52.60K","1.37%"
"07/06/2022","2,409.50","2,380.00","2,379.00","2,380.00","45.93K","0.73%"
"07/05/2022","2,392.00","2,390.00","2,388.00","2,387.50","50.63K","-2.92%"
"07/04/2022","2,464.00","2,452.00","2,450.00","2,452.00","20.98K","0.82%"
"07/01/2022","2,444.00","2,400.00","2,399.00","2,400.00","73.29K","-0.06%"
"06/30/2022","2,445.50","2,425.00","2,420.50","2,420.50","52.72K","-1.03%"
"06/29/2022","2,471.00","2,485.00","2,470.00","2,470.00","42.73K","-0.80%"
"06/28/2022","2,491.00","2,520.00","2,519.50","2,518.00","43.94K","-0.18%"
"06/27/2022","2,495.50","2,480.00","2,480.00","2,480.00","39.57K","1.61%"
"06/24/2022","2,456.00","2,460.00","2,450.00","2,450.50","50.25K","-0.87%"
"06/23/2022","2,477.50","2,508.00","2,495.00","2,494.00","52.34K","-0.08%"
"06/22/2022","2,479.50","2,474.00","2,469.50","2,470.00","44.78K","-2.13%"
"06/21/2022","2,533.50","2,526.00","2,530.00","2,526.00","51.39K","0.26%"
"06/20/2022","2,527.00","2,488.00","2,482.00","2,481.00","21.89K","1.16%"
"06/17/2022","2,498.00","2,500.00","2,500.00","2,500.00","40.74K","-0.26%"
"06/16/2022","2,504.50","2,535.00","2,529.00","2,525.00","56.34K","-3.39%"
"06/15/2022","2,592.50","2,600.00","2,594.00","2,593.50","46.51K","0.88%"
"06/14/2022","2,570.00","2,615.00","2,610.00","2,610.00","51.08K","-2.21%"
"06/13/2022","2,628.00","2,608.00","2,607.00","2,606.00","61.18K","-1.94%"
"06/10/2022","2,680.00","2,705.00","2,710.00","2,705.00","44.18K","-2.93%"
"06/09/2022","2,761.00","2,785.00","2,788.00","2,785.00","41.39K","-2.06%"
"06/08/2022","2,819.00","2,798.00","2,797.00","2,798.00","35.34K","1.46%"
"06/07/2022","2,778.50","2,755.00","2,745.00","2,745.00","39.60K","-0.14%"
"06/06/2022","2,782.50","2,783.00","2,781.00","2,774.00","44.10K","2.07%"
"06/01/2022","2,726.00","2,740.00","2,730.00","2,728.00","57.00K","-2.19%"
"05/31/2022","2,787.00","2,855.00","2,853.00","2,850.00","40.09K","-3.51%"
"05/30/2022","2,888.50","2,891.00","2,890.00","2,891.00","18.02K","0.59%"
"05/27/2022","2,871.50","2,855.00","2,845.00","2,847.00","23.68K","0.23%"
"05/26/2022","2,865.00","2,876.00","2,856.00","2,857.00","23.78K","-0.31%"
"05/25/2022","2,874.00","2,858.00","2,857.50","2,857.00","32.05K","-0.95%"
"05/24/2022","2,901.50","2,907.00","2,907.00","2,907.00","30.17K","-1.84%"
"05/23/2022","2,956.00","2,975.00","2,973.00","2,975.00","35.61K","0.34%"
"05/20/2022","2,946.00","2,958.00","2,953.00","2,935.00","40.39K","1.36%"
"05/19/2022","2,906.50","2,850.00","2,840.00","2,840.00","33.06K","1.71%"
"05/18/2022","2,857.50","2,878.00","2,873.00","2,875.00","33.80K","-1.14%"
"05/17/2022","2,890.50","2,865.00","2,862.00","2,858.00","42.27K","2.07%"
"05/16/2022","2,832.00","2,814.00","2,820.00","2,814.00","29.61K","1.58%"
"05/13/2022","2,788.00","2,763.00","2,758.00","2,750.00","37.94K","1.68%"
"05/12/2022","2,742.00","2,723.00","2,722.00","2,723.00","46.72K","-1.30%"
"05/11/2022","2,778.00","2,770.00","2,770.00","2,770.00","44.51K","0.89%"
"05/10/2022","2,753.50","2,715.00","2,713.00","2,715.00","44.15K","-0.05%"
"05/09/2022","2,755.00","2,754.00","2,750.00","2,750.00","51.52K","-3.06%"
"05/06/2022","2,842.00","2,875.00","2,868.00","2,870.00","48.51K","-2.54%"
"05/05/2022","2,916.00","2,948.00","2,946.00","2,947.00","48.40K","-1.25%"
"05/04/2022","2,953.00","2,960.00","2,961.50","2,960.00","34.42K","1.44%"
"05/03/2022","2,911.00","2,945.00","2,945.00","2,945.00","61.37K","-4.64%"
"04/29/2022","3,052.50","3,050.00","3,043.00","3,044.00","36.84K","0.69%"
"04/28/2022","3,031.50","3,088.00","3,083.00","3,083.00","30.34K","-2.00%"
"04/27/2022","3,093.50","3,110.00","3,115.00","3,110.00","24.27K","0.95%"
"04/26/2022","3,064.50","3,122.00","3,117.00","3,117.00","33.24K","-0.99%"
"04/25/2022","3,095.00","3,156.00","3,184.00","3,062.00","","-4.64%"
"04/22/2022","3,245.50","3,265.00","3,259.00","3,260.00","","-1.59%"
"04/21/2022","3,298.00","3,283.00","3,275.50","3,275.50","21.17K","0.89%"
"04/20/2022","3,269.00","3,250.00","3,250.00","3,250.00","43.64K","0.25%"
"04/19/2022","3,261.00","3,327.00","3,325.00","3,325.00","32.81K","-0.75%"
"04/14/2022","3,285.50","3,275.00","3,270.00","3,265.00","27.38K","1.53%"
"04/13/2022","3,236.00","3,240.00","3,237.50","3,238.00","31.95K","-0.95%"
"04/12/2022","3,267.00","3,245.00","3,244.00","3,245.00","33.61K","0.58%"
"04/11/2022","3,248.00","3,251.00","3,249.00","3,251.00","50.28K","-3.75%"
"04/08/2022","3,374.50","3,423.00","3,422.00","3,423.00","25.82K","-0.31%"
"04/07/2022","3,385.00","3,380.00","3,372.00","3,374.00","41.48K","-1.63%"
"04/06/2022","3,441.00","3,462.00","3,466.00","3,460.00","34.06K","-0.69%"
"04/05/2022","3,465.00","3,445.00","3,440.00","3,441.00","24.42K","0.52%"
"04/04/2022","3,447.00","3,487.00","3,481.00","3,461.00","30.76K","-0.09%"
"04/01/2022","3,450.00","3,499.00","3,497.00","3,499.00","29.15K","-1.17%"
"03/31/2022","3,491.00","3,525.00","3,518.00","3,518.00","37.28K","-1.69%"
"03/30/2022","3,551.00","3,530.00","3,526.00","3,527.00","24.50K","3.35%"
"03/29/2022","3,436.00","3,610.00","3,606.00","3,608.00","60.30K","-4.93%"
"03/28/2022","3,614.00","3,615.00","3,615.50","3,615.00","17.90K","0.25%"
"03/25/2022","3,605.00","3,600.00","3,595.00","3,590.50","20.85K","-0.51%"
"03/24/2022","3,623.50","3,677.00","3,675.00","3,675.50","30.65K","-0.81%"
"03/23/2022","3,653.00","3,560.00","3,558.00","3,560.00","32.58K","4.24%"
"03/22/2022","3,504.50","3,570.00","3,553.00","3,550.50","32.40K","-0.47%"
"03/21/2022","3,521.00","3,502.00","3,524.00","3,502.00","39.49K","4.14%"
"03/18/2022","3,381.00","3,400.50","3,399.50","3,400.00","27.28K","-0.10%"
"03/17/2022","3,384.50","3,317.00","3,315.00","3,317.00","29.82K","3.87%"
"03/16/2022","3,258.50","3,327.00","3,325.00","3,327.00","36.07K","-0.58%"
"03/15/2022","3,277.50","3,276.00","3,274.00","3,254.00","63.06K","-1.27%"
"03/14/2022","3,319.50","3,413.00","3,410.00","3,411.00","37.15K","-4.69%"
"03/11/2022","3,483.00","3,437.00","3,500.00","3,437.00","30.79K","1.62%"
"03/10/2022","3,427.50","3,530.00","3,531.00","3,530.00","53.25K","2.59%"
"03/09/2022","3,341.00","3,522.00","3,533.00","3,522.00","69.17K","-4.49%"
"03/08/2022","3,498.00","3,516.00","3,514.00","3,516.00","92.28K","-6.47%"
"03/07/2022","3,740.00","3,968.00","3,966.00","3,968.00","83.05K","-2.83%"
"03/04/2022","3,849.00","3,804.00","3,819.00","3,804.00","76.73K","3.57%"
"03/03/2022","3,716.50","3,704.00","3,703.50","3,704.00","106.23K","4.13%"
"03/02/2022","3,569.00","3,566.00","3,568.00","3,566.00","68.40K","2.62%"
"03/01/2022","3,478.00","3,463.00","3,462.00","3,463.00","68.56K","3.25%"
"02/28/2022","3,368.50","3,415.00","3,445.00","3,414.00","85.69K","0.33%"
"02/25/2022","3,357.50","3,314.00","3,312.00","3,314.00","57.61K","-1.09%"
"02/24/2022","3,394.50","3,425.00","3,443.00","3,425.00","106.85K","3.10%"
"02/23/2022","3,292.50","3,285.00","3,288.00","3,285.00","50.20K","-0.32%"
"02/22/2022","3,303.00","3,326.00","3,366.00","3,326.00","69.13K","0.72%"
"02/21/2022","3,279.50","3,272.00","3,270.00","3,269.00","28.21K","0.52%"
"02/18/2022","3,262.50","3,261.00","3,263.00","3,261.00","42.99K","-0.17%"
"02/17/2022","3,268.00","3,254.00","3,252.00","3,241.00","39.81K","0.37%"
"02/16/2022","3,256.00","3,242.00","3,240.00","3,242.00","55.31K","1.50%"
"02/15/2022","3,208.00","3,200.00","3,194.00","3,195.00","41.55K","-0.20%"
"02/14/2022","3,214.50","3,186.00","3,305.00","3,186.00","55.23K","2.49%"
"02/11/2022","3,136.50","3,183.00","3,179.00","3,180.00","73.47K","-3.51%"
"02/10/2022","3,250.50","3,290.00","3,286.00","3,286.00","64.74K","-0.47%"
"02/09/2022","3,266.00","3,225.50","3,225.00","3,225.50","51.53K","2.61%"
"02/08/2022","3,183.00","3,205.00","3,194.50","3,195.00","77.23K","1.63%"
"02/07/2022","3,132.00","3,115.00","3,110.50","3,110.50","45.88K","1.89%"
"02/04/2022","3,074.00","3,065.00","3,063.00","3,065.00","42.23K","0.79%"
"02/03/2022","3,050.00","3,035.00","3,033.00","3,035.00","39.36K","2.14%"
"02/02/2022","2,986.00","3,028.00","3,026.00","3,028.00","64.02K","-1.53%"
"02/01/2022","3,032.50","3,049.00","3,048.00","3,049.00","33.74K","0.38%"
"01/31/2022","3,021.00","3,052.00","3,050.00","3,052.00","34.83K","-2.00%"
"01/28/2022","3,082.50","3,100.00","3,085.00","3,085.00","40.85K","-0.52%"
"01/27/2022","3,098.50","3,099.00","3,095.00","3,096.00","36.62K","0.15%"
"01/26/2022","3,094.00","3,082.00","3,079.50","3,079.50","30.61K","0.06%"
"01/25/2022","3,092.00","3,070.00","3,062.00","3,061.00","45.24K","2.10%"
"01/24/2022","3,028.50","3,031.00","3,030.00","3,031.00","34.44K","-0.39%"
"01/21/2022","3,040.50","3,062.00","3,060.00","3,060.50","51.53K","-2.27%"
"01/20/2022","3,111.00","3,080.00","3,080.00","3,080.00","81.13K","1.98%"
"01/19/2022","3,050.50","3,035.00","3,027.00","3,027.00","46.62K","0.86%"
"01/18/2022","3,024.50","3,008.00","3,005.50","3,005.50","43.36K","0.92%"
"01/17/2022","2,997.00","2,990.00","2,994.00","2,990.00","25.07K","0.69%"
"01/14/2022","2,976.50","2,983.00","2,980.00","2,980.00","60.36K","0.83%"
"01/13/2022","2,952.00","2,978.00","2,970.00","2,970.00","40.86K","-1.02%"
"01/12/2022","2,982.50","3,014.00","3,012.00","3,014.00","56.45K","0.42%"
"01/11/2022","2,970.00","2,962.00","2,960.00","2,962.00","42.57K","1.31%"
"01/10/2022","2,931.50","2,940.00","2,934.00","2,934.50","1.12K","0.58%"